donor,cdr3_TRA,cdr3_TRB,A0201_GILGFVFTL_Flu-MP_Influenza_binder
donor1,CAVNAGGGSQGNLIF,CASSTRSSYEQYF,TRUE
donor1,CAGGGSQGNLIF,CASSIRSAYEQYF,TRUE
donor1,CAENEGGGSQGNLIF,CASSSRAGGEQYF,TRUE
donor1,CAVGGGGGSQGNLIF,CASSIRASYEQYF,TRUE
donor1,CAGAHGSSNTGKLIF,CASSIRSAYEQYF,TRUE
donor1,CAAGGSQGNLIF,CASSIRSAYEQYF,TRUE
donor1,CAFMTNAGGTSYGKLTF,CASSQGAYGYTF,TRUE
donor1,CAGGGSQGNLIF,CASSIRSSYEQYF,TRUE
donor1,CAGNYGGSQGNLIF,CASSSRSTGELFF,TRUE
donor1,CAGAHGSSNTGKLIF,CASSIRSAYEQYF,TRUE
donor1,CAGGGSQGNLIF,CASSIRSSYEQYF,TRUE
donor1,CAFMINAGGTSYGKLTF,CASSIGYYGYTF,TRUE
donor1,CAVTDGGSQGNLIF,CASSIRSSYEQYF,TRUE
donor1,CAGQTGNTGKLIF,CASSVRSADTQYF,TRUE
donor1,CAGGGSQGNLIF,CASSIRSSYEQYF,TRUE
donor1,CAFMTNAGGTSYGKLTF,CASSQGAYGYTF,TRUE
donor1,CAGGGSQGNLIF,CASSKGTSGSSLGNEQFF,TRUE
donor1,CAANYGGSQGNLIF,CASSGRSTGELFF,TRUE
donor1,CAFMKGAGGTSYGKLTF,CASSWGAYGYTF,TRUE
donor1,CAFMTNAGGTSYGKLTF,CASSIGVYGYTF,TRUE
donor1,CAGGGSQGNLIF,CASSVRSSYEQYF,TRUE
donor1,CAGGGSQGNLIF,CASSVRSSYEQYF,TRUE
donor1,CAENLGGGSQGNLIF,CASSTRATGELFF,TRUE
donor1,CAVTDGGSQGNLIF,CASSIRSSYEQYF,TRUE
donor1,CAADNYGGSQGNLIF,CASSIYGGAGDGYTF,TRUE
donor1,CAVRLEGPGGTSYGKLTF,CASDTGGGYGYTF,TRUE
donor1,CALPSGGYQKVTF,CASSFGQGAEKLFF,TRUE
donor1,CADSGGGADGLTF,CASSIRSGYEQFF,TRUE
donor1,CAGASGSSNTGKLIF,CQQQRSTGGSNQPQHF,TRUE
donor1,CAFMKGAGGTSYGKLTF,CASSWGAYGYTF,TRUE
donor1,CAGGGSQGNLIF,CASSIRSSYEQYF,TRUE
donor1,CALPSGGYQKVTF,CASSFGQGAEKLFF,TRUE
donor1,CAGGGSQGNLIF,CASSIRSSYEQYF,TRUE
donor1,CAASGGGSQGNLIF,CASSIRSQDTQYF,TRUE
donor1,CAGGGSQGNLIF,CASSVRSSYEQYF,TRUE
donor1,CAGGGSQGNLIF,CASSIRSSYEQYF,TRUE
donor1,CAVGGGGGSQGNLIF,CASSSRSGTEQFF,TRUE
donor1,CAMRASEQAAGNKLTF,CASSIRSSYEQYF,TRUE
donor1,CVVLNTDKLIF,CASSFGEQFF,TRUE
donor1,CAFMTNAGGTSYGKLTF,CASSAGAYGYTF,TRUE
donor1,CAGASGGGSQGNLIF,CASSIRSGYEQFF,TRUE
donor1,CALPSGGYQKVTF,CASSFGQGAEKLFF,TRUE
donor1,CAGGGSQGNLIF,CASSIRSSYEQYF,TRUE
donor1,CAGGGSQGNLIF,CASSIRSSYEQYF,TRUE
donor1,CAGAGSQGNLIF,CASSTRSSYEQYF,TRUE
donor1,CAVVPGNTGKLIF,CASSIRSGESRAFF,TRUE
donor1,CAFMIGAGGTSYGKLTF,CASSIGSYGYTF,TRUE
donor1,CAGGGSQGNLIF,CASSVRSSYEQYF,TRUE
donor1,CAGDYGGSQGNLIF,CASSIRSSYEQYF,TRUE
donor1,CAGGGSQGNLIF,CASSIRSSYEQYF,TRUE
donor1,CAFMQNAGGTSYGKLTF,CASSMGAYGYTF,TRUE
donor1,CAVRDPHQGTDKLIF,CASSVDGDTSTDTQYF,TRUE
donor1,CALSDNEDSTLTF,CASSPLAVTYNEQFF,TRUE
donor1,CAENMGGGSQGNLIF,CASSSRSGETQYF,TRUE
donor1,CAEQGSQGNLIF,CASSGRSGETQYF,TRUE
donor1,CAFMTNAGGTSYGKLTF,CASSQGAYGYTF,TRUE
donor1,CAFMINAGGTSYGKLTF,CASSIGSYGYTF,TRUE
donor1,CAGNYGGSQGNLIF,CASSQDRGHEQYF,TRUE
donor1,CAVTDGGSQGNLIF,CASSIRSSYEQYF,TRUE
donor1,CAGGGSQGNLIF,CASSIRSSYEQYF,TRUE
donor1,CAVTDGGSQGNLIF,CASSIRSSYEQYF,TRUE
donor1,CASGGSQGNLIF,CASSIRSSYEQYF,TRUE
donor1,CAADNYGGSQGNLIF,CASSIYGGAGDGYTF,TRUE
donor1,CAFMKGAGGTSYGKLTF,CASSWGAYGYTF,TRUE
donor1,CAFMKGAGGTSYGKLTF,CASSWGAYGYTF,TRUE
donor1,CAVTDGGSQGNLIF,CASSIRSSYEQYF,TRUE
donor1,CAFMKGAGGTSYGKLTF,CASSWGAYGYTF,TRUE
donor1,CAVNEGGGSQGNLIF,CASSTRAAYEQYF,TRUE
donor1,CAENIGGGSQGNLIF,CASSIRSGTEAFF,TRUE
donor1,CAVRDPHQGTDKLIF,CASSVDGDTSTDTQYF,TRUE
donor1,CAFMKGAGGTSYGKLTF,CASSWGAYGYTF,TRUE
donor1,CAFMKGAGGTSYGKLTF,CASSPGHPSSYNEQFF,TRUE
donor1,CAVNLYGGSQGNLIF,CASSIRSSYEQYF,TRUE
donor1,CAGSHGGSQGNLIF,CASSQRSTGELFF,TRUE
donor1,CAADNYGGSQGNLIF,CASSIYGGAGDGYTF,TRUE
donor1,CAFMKGAGGTSYGKLTF,CASSWGAYGYTF,TRUE
donor1,CAGGGSQGNLIF,CASSIRSSYEQYF,TRUE
donor1,CAAGGSQGNLIF,CASSIRSSYEQYF,TRUE
donor1,CAADNYGGSQGNLIF,CASSIYGGAGDGYTF,TRUE
donor1,CALPSGGYNKLIF,CASSFGQGGEKLFF,TRUE
donor1,CAGGGSQGNLIF,CASSIRSSYEQYF,TRUE
donor1,CAGAGSSNTGKLIF,CASSTRSGWEQYF,TRUE
donor1,CAGGGSQGNLIF,CASSIRSSYEQYF,TRUE
donor1,CAVGGYGGSQGNLIF,CASSGRSGYEQYF,TRUE
donor1,CALMGNAGGTSYGKLTF,CASSQGNYGYTF,TRUE
donor1,CAGGGSQGNLIF,CASSIRSSYEQYF,TRUE
donor1,CASGGSQGNLIF,CASSKARSLGNRGNEQFF,TRUE
donor1,CAGGGSQGNLIF,CASSIRSSYEQYF,TRUE
donor1,CAAGGSQGNLIF,CASSIRSSYEQYF,TRUE
donor1,CAGGGSQGNLIF,CASSVRSSYEQYF,TRUE
donor1,CAGGSGGSQGNLIF,CASSMRSTGELFF,TRUE
donor1,CAGAEGSGNTGKLIF,CASSIRSAYEQYF,TRUE
donor1,CAGGGSSNTGKLIF,CASSIRSSYEQYF,TRUE
donor1,CALPSGGYQKVTF,CASSFGQGAEKLFF,TRUE
donor1,CAGGGSQGNLIF,CASSIRSAYEQYF,TRUE
donor1,CAGPGSQGNLIF,CASSIRSSYEQYF,TRUE
donor1,CAGASGSSNTGKLIF,CQQQRSTGGSNQPQHF,TRUE
donor1,CATVPSNTGKLIF,CASSMRSGANVLTF,TRUE
donor1,CAAGGSQGNLIF,CASSIRSSYEQYF,TRUE
donor1,CAVNAGGGSQGNLIF,CASSVRSSYEQYF,TRUE
donor1,CIVRVANTDKLIF,CASSSFSANEKLFF,TRUE
donor1,CAGGGSQGNLIF,CASSVRSSYEQYF,TRUE
donor1,CAADNYGGSQGNLIF,CASSIYGGAGDGYTF,TRUE
donor1,CAVTDGGSQGNLIF,CASSIRSSYEQYF,TRUE
donor1,CAATGSQGNLIF,CASSIRSSETQYF,TRUE
donor1,CAVTPSNTGKLIF,CASSTRAGGVGQFF,TRUE
donor1,CAGGGSQGNLIF,CASSVRSSYEQYF,TRUE
donor1,CAGNYGGSQGNLIF,CASSIRSTGELFF,TRUE
donor1,CAGGGSQGNLIF,CASSVRSSYEQYF,TRUE
donor1,CAGGGSQGNLIF,CASSIRSSYEQYF,TRUE
donor1,CAGGNYGGSQGNLIF,CASSIRSDEKLFF,TRUE
donor1,CAADNYGGSQGNLIF,CASSIYGGAGDGYTF,TRUE
donor1,CAFMINAGGTSYGKLTF,CASSIGSYGYTF,TRUE
donor1,CAGGGSQGNLIF,CASSVRSSYEQYF,TRUE
donor1,CAFMVNAGGTSYGKLTF,CASSIGSYGYTF,TRUE
donor1,CAMSGDGGSQGNLIF,CASSIRAGETQYF,TRUE
donor1,CAGGGSQGNLIF,CASSIRSSYEQYF,TRUE
donor1,CAGGGSQGNLIF,CASSIRSAYEQYF,TRUE
donor1,CAARGGGGSQGNLIF,CASSIRASYEQYF,TRUE
donor1,CAFMKGAGGTSYGKLTF,CASSWGAYGYTF,TRUE
donor1,CAGGGSQGNLIF,CASSIRSSYEQYF,TRUE
donor1,CAGGGSQGNLIF,CASSIRSSYEQYF,TRUE
donor1,CAFMSNAGGTSYGKLTF,CASSMGSYGYTF,TRUE
donor1,CAVNAGGGSQGNLIF,CASSIRSSYEQYF,TRUE
donor1,CAFMKDAGGTSYGKLTF,CASSIGVYGYTF,TRUE
donor1,CAMSGDGGSQGNLIF,CQQQKSYEQYF,TRUE
donor1,CAGAGGGSQGNLIF,CASSGRSTGELFF,TRUE
donor1,CAVTDGGSQGNLIF,CASSIRSSYEQYF,TRUE
donor1,CAGAHGSSNTGKLIF,CASSIRSAYEQYF,TRUE
donor1,CAVTDGGSQGNLIF,CASSIRSSYEQYF,TRUE
donor1,CAARRRGMDSSYKLIF,CASSINSNQPQHF,TRUE
donor1,CAGGGSQGNLIF,CASSIRSSYEQYF,TRUE
donor1,CAGAPGSSNTGKLIF,CASSTRSAYEQYF,TRUE
donor1,CAGGGSQGNLIF,CASSIRSSYEQYF,TRUE
donor1,CAVPGGGGSQGNLIF,CASSMRSTNEQFF,TRUE
donor1,CAVRDPHQGTDKLIF,CASSVDGDTSTDTQYF,TRUE
donor1,CAFMKGAGGTSYGKLTF,CASSWGAYGYTF,TRUE
donor1,CAVRDGTGANNLFF,CASNPSSTDTQYF,TRUE
donor1,CAGGGSQGNLIF,CASSIRSSYEQYF,TRUE
donor1,CAFMKGAGGTSYGKLTF,CASSWGAYGYTF,TRUE
donor1,CAGGGSQGNLIF,CASSIRSSYEQYF,TRUE
donor1,CILRAPGAGTALIF,CASSIGVYGYTF,TRUE
donor1,CAFMINAGGTSYGKLTF,CASSIGSYGYTF,TRUE
donor1,CAGGGSQGNLIF,CASSIRSSYEQYF,TRUE
donor1,CAGGGSQGNLIF,CASSVRSSYEQYF,TRUE
donor1,CAVTPSNTGKLIF,CASSTRAGGVGQFF,TRUE
donor1,CAGAHGSSNTGKLIF,CASSIRSAYEQYF,TRUE
donor1,CVVSDSNSGYALNF,CASSPGTGPNQPQHF,TRUE
donor1,CAVTDGGSQGNLIF,CASSIRSSYEQYF,TRUE
donor1,CAGGGSQGNLIF,CASSIRSSYEQYF,TRUE
donor1,CAFMINAGGTSYGKLTF,CASSIGSYGYTF,TRUE
donor1,CAGGGSQGNLIF,CASSIRSSYEQYF,TRUE
donor1,CAGGGSQGNLIF,CASSIRSSYEQYF,TRUE
donor1,CAFMKGAGGTSYGKLTF,CASSWGAYGYTF,TRUE
donor1,CAFMKDAGGTSYGKLTF,CASSIGSYGYTF,TRUE
donor1,CAGGGSQGNLIF,CASSIRSAYEQYF,TRUE
donor1,CAGGYALNF,CASSTRSSYEQYF,TRUE
donor1,CAVGGGGGSQGNLIF,CASSFRSSETQYF,TRUE
donor1,CAGNYGGSQGNLIF,CASSVRSTGELFF,TRUE
donor1,CAGGGSSNTGKLIF,CASSIRSSYEQYF,TRUE
donor1,CAGAVGSSNTGKLIF,CASSIRSAYEQYF,TRUE
donor1,CAAGGSQGNLIF,CASSIRSSYEQYF,TRUE
donor1,CAGGGSQGNLIF,CASSIRSSYEQYF,TRUE
donor1,CAADNYGGSQGNLIF,CASSIYGGAGDGYTF,TRUE
donor1,CAGGGSQGNLIF,CASSIRSSYEQYF,TRUE
donor1,CAGAGSSNTGKLIF,CASSTRSGWEQYF,TRUE
donor1,CATEGASGGSYIPTF,CAWVLGPAGDTQYF,TRUE
donor1,CAGNYGGSQGNLIF,CASSKRSTGELFF,TRUE
donor1,CAADNYGGSQGNLIF,CASSIYGGAGDGYTF,TRUE
donor1,CAENIGGGSQGNLIF,CASSIRSGTEAFF,TRUE
donor1,CAGGGSQGNLIF,CASSIRSSYEQYF,TRUE
donor1,CAGGGSQGNLIF,CASSIRSSYEQYF,TRUE
donor1,CAGGGSQGNLIF,CASSVRSSYEQYF,TRUE
donor1,CAGGGSQGNLIF,CASSIRSSYEQYF,TRUE
donor1,CAGAHGSSNTGKLIF,CASSIRSAYEQYF,TRUE
donor1,CAVNAGGGSQGNLIF,CASSVRSSYEQYF,TRUE
donor1,CAFMINAGGTSYGKLTF,CASSIGSYGYTF,TRUE
donor1,CAADNYGGSQGNLIF,CASSIYGGAGDGYTF,TRUE
donor1,CAGGGSQGNLIF,CASSIRSAYEQYF,TRUE
donor1,CAFMKGAGGTSYGKLTF,CASSWGAYGYTF,TRUE
donor1,CAFMTNAGGTSYGKLTF,CASSQGAYGYTF,TRUE
donor1,CAGGGSQGNLIF,CASSIRSSYEQYF,TRUE
donor1,CAFMTNAGGTSYGKLTF,CASSQGAYGYTF,TRUE
donor1,CAGGGSQGNLIF,CASSIRSSYEQYF,TRUE
donor1,CAVNLGGGSQGNLIF,CASSIRSTYEQYF,TRUE
donor1,CAGAGGGSQGNLIF,CASSGRSTGELFF,TRUE
donor1,CAGGGSQGNLIF,CASSIRSSYEQYF,TRUE
donor1,CAGSGGGSQGNLIF,CASSIRSTGELFF,TRUE
donor1,CAGDGGGGSQGNLIF,CASSHRSTDTQYF,TRUE
donor1,CAGGGSQGNLIF,CASSIRSSYEQYF,TRUE
donor1,CAGGGSQGNLIF,CASSIRSSYEQYF,TRUE
donor1,CAGGGSQGNLIF,CASSIRSSYEQYF,TRUE
donor1,CAFMINAGGTSYGKLTF,CASSIGSYGYTF,TRUE
donor1,CAFMLDAGGTSYGKLTF,CASSIGYYGYTF,TRUE
donor1,CAASGGGSQGNLIF,CASSIRSQETQYF,TRUE
donor1,CAGGGSQGNLIF,CASSVRSSYEQYF,TRUE
donor1,CAGGGSQGNLIF,CASSIRSSYEQYF,TRUE
donor1,CAVRDPHQGTDKLIF,CASSVDGDTSTDTQYF,TRUE
donor1,CAGGGSQGNLIF,CASSIRSSYEQYF,TRUE
donor1,CAGGGSQGNLIF,CASSIRSSYEQYF,TRUE
donor1,CAASTDSWGKLQF,CASSIRGAYEQYF,TRUE
donor1,CAENIGGGSQGNLIF,CASSIRSGTEAFF,TRUE
donor1,CAGGGSQGNLIF,CASSIRSSYEQYF,TRUE
donor1,CAVGFNFGNEKLTF,CSASWGDYTEAFF,TRUE
donor1,CAGAHGSSNTGKLIF,CASSIRSAYEQYF,TRUE
donor1,CAGGGSQGNLIF,CASSIRSAYEQYF,TRUE
donor1,CALDRAGNNRKLIW,CASSYRVDSNQPQHF,TRUE
donor1,CAASGGGSQGNLIF,CASSIRSQETQYF,TRUE
donor1,CAADNYGGSQGNLIF,CASSIYGGAGDGYTF,TRUE
donor1,CAADNYGGSQGNLIF,CASSIYGGAGDGYTF,TRUE
donor1,CAFMTNAGGTSYGKLTF,CASSQGAYGYTF,TRUE
donor1,CAGPGSQGNLIF,CASSIRSSYEQYF,TRUE
donor1,CAGGGSQGNLIF,CASSIRSSYEQYF,TRUE
donor1,CAGGGSQGNLIF,CASSVRSSYEQYF,TRUE
donor1,CAFMQNAGGTSYGKLTF,CASSMGAYGYTF,TRUE
donor1,CAGGEYGNKLVF,CASSPGRVYGYTF,TRUE
donor1,CAFMTNAGGTSYGKLTF,CASSQGAYGYTF,TRUE
donor1,CAGGGSQGNLIF,CASSIRSSYEQYF,TRUE
donor1,CAGAVGSSNTGKLIF,CASSIRSAYEQYF,TRUE
donor1,CAGGGSQGNLIF,CASSIRSSYEQYF,TRUE
donor1,CAADNYGGSQGNLIF,CASSIYGGAGDGYTF,TRUE
donor1,CAGPGSQGNLIF,CASSIRSSYEQYF,TRUE
donor1,CAGGGSQGNLIF,CASSIRSSYEQYF,TRUE
donor1,CAAGGSQGNLIF,CASSIRSSYEQYF,TRUE
donor1,CAGGGSQGNLIF,CASSIRSSYEQYF,TRUE
donor1,CAFMVGAGGTSYGKLTF,CASSTGVYGYTF,TRUE
donor1,CAGAHGSSNTGKLIF,CASSIRSAYEQYF,TRUE
donor1,CAGGGSQGNLIF,CASSIRSSYEQYF,TRUE
donor1,CAVTDGGSQGNLIF,CASSIRSSYEQYF,TRUE
donor1,CAFMKGAGGTSYGKLTF,CASSWGAYGYTF,TRUE
donor1,CAVTDGGSQGNLIF,CASSIRSSYEQYF,TRUE
donor1,CAGASGSSNTGKLIF,CQQQRSTGGSNQPQHF,TRUE
donor1,CAFMKDAGGTSYGKLTF,CASSIGVYGYTF,TRUE
donor1,CAGGGSQGNLIF,CASSIRSSYEQYF,TRUE
donor1,CALSESNSGNTPLVF,CASSVDPAQETQYF,TRUE
donor1,CAFMVNAGGTSYGKLTF,CASSTGSYGYTF,TRUE
donor1,CAGASGGSQGNLIF,CASSGRSTGELFF,TRUE
donor1,CAGAVGSSNTGKLIF,CASSIRSSYEQYF,TRUE
donor1,CAGGGSQGNLIF,CATTPGGSLSGYTF,TRUE
donor1,CAFMTNAGGTSYGKLTF,CASSQGAYGYTF,TRUE
donor1,CAGNYGGSQGNLIF,CASSVRSTGELFF,TRUE
donor1,CAGGGSQGNLIF,CASSIRSSYEQYF,TRUE
donor1,CAENMGGGSQGNLIF,CASSDRSGNTIYF,TRUE
donor1,CAGGGSQGNLIF,CASSIRSSYEQYF,TRUE
donor1,CAGGGSQGNLIF,CASSVRSSYEQYF,TRUE
donor1,CAGGGSQGNLIF,CASSIRSSYEQYF,TRUE
donor1,CAGAGSSNTGKLIF,CASSTRSGWEQYF,TRUE
donor1,CAGNYGGSQGNLIF,CASSGRSTGELFF,TRUE
donor1,CAASQGSGNTGKLIF,CASSQRSSYEQYF,TRUE
donor1,CAVRDGTGANNLFF,CASAGTGVEKLFF,TRUE
donor1,CIVRVANTDKLIF,CASSSFSANEKLFF,TRUE
donor1,CAFMKDAGGTSYGKLTF,CASSIGSYGYTF,TRUE
donor1,CAGAHGSSNTGKLIF,CASSIRSAYEQYF,TRUE
donor1,CAAALYNNAGNMLTF,CASSIYSNQPQHF,TRUE
donor1,CAVNIGGGSQGNLIF,CASSFRSSYEQYF,TRUE
donor1,CAGGGSQGNLIF,CASSIRSSYEQYF,TRUE
donor1,CALPSGGYQKVTF,CASSFGQGAEKLFF,TRUE
donor1,CAGGGSQGNLIF,CASSIRSSYEQYF,TRUE
donor1,CVVLGVMDSNYQLIW,CASSLDPGQGWTNTEAFF,TRUE
donor1,CAADNYGGSQGNLIF,CASSIYGGAGDGYTF,TRUE
donor1,CAGGGSQGNLIF,CASSIRSSYEQYF,TRUE
donor1,CAGGGSQGNLIF,CASSVRSSYEQYF,TRUE
donor1,CAVTDGGSQGNLIF,CASSIRSSYEQYF,TRUE
donor1,CAGGGSQGNLIF,CASSIRSSYEQYF,TRUE
donor1,CAVRDGTGANNLFF,CASAGTGVEKLFF,TRUE
donor1,CAVRDGTGANNLFF,CASSISSTGELFF,TRUE
donor1,CAGNYGGSQGNLIF,CASSVRSTGELFF,TRUE
donor1,CAGAHGSSNTGKLIF,CASSIRSAYEQYF,TRUE
donor1,CAVGGGGGSQGNLIF,CASSIRASYEQYF,TRUE
donor1,CAGGGSQGNLIF,CASSIRSSYEQYF,TRUE
donor1,CAVNAGGGSQGNLIF,CASSVRSSYEQYF,TRUE
donor1,CAYSVNAGGTSYGKLTF,CASSPPFHEQYF,TRUE
donor1,CAVSGSQGNLIF,CASSIRSSYEQYF,TRUE
donor1,CAVTDGGSQGNLIF,CASSIRSSYEQYF,TRUE
donor1,CAGGGSQGNLIF,CASSIRSSYEQYF,TRUE
donor1,CAVVLGSGNTGKLIF,CASSIRSAYEQYF,TRUE
donor1,CAENLGGGSQGNLIF,CASSTRATGELFF,TRUE
donor1,CAGGGSQGNLIF,CASSVRSSYEQYF,TRUE
donor1,CAGPGDGGSQGNLIF,CASSIRSSYEQYF,TRUE
donor1,CAFMTNAGGTSYGKLTF,CASSIGVYGYTF,TRUE
donor1,CAFMINAGGTSYGKLTF,CASSIGSYGYTF,TRUE
donor1,CATDGGGGSQGNLIF,CASSGLAGLNEQFF,TRUE
donor1,CAVTDGGSQGNLIF,CASSIRSSYEQYF,TRUE
donor1,CAFMKGAGGTSYGKLTF,CASSESTLSLTEAFF,TRUE
donor1,CAGGGSQGNLIF,CASSTRSAYEQYF,TRUE
donor1,CAFMKDAGGTSYGKLTF,CASSIGSYGYTF,TRUE
donor1,CAGAHGSSNTGKLIF,CASSIRSAYEQYF,TRUE
donor1,CAFMKGAGGTSYGKLTF,CASSWGAYGYTF,TRUE
donor1,CAYSLSAGGTSYGKLTF,CASSIGVYGYTF,TRUE
donor1,CIVRVANTDKLIF,CASSSFSANEKLFF,TRUE
donor1,CAGGGSQGNLIF,CASSIRSSYEQYF,TRUE
donor1,CALSEAGTGGSYIPTF,CASSSFLGAEAFF,TRUE
donor1,CAFMTNAGGTSYGKLTF,CASSQGAYGYTF,TRUE
donor1,CAVTDGGSQGNLIF,CASSIRSSYEQYF,TRUE
donor1,CAGNYGGSQGNLIF,CASSVRSTGELFF,TRUE
donor1,CVVNGNSGGYQKVTF,CASSDLAGDPTDTQYF,TRUE
donor1,CAGGGSQGNLIF,CASSIRSSYEQYF,TRUE
donor1,CAVTDGGSQGNLIF,CASSIRSSYEQYF,TRUE
donor1,CAGAHGSSNTGKLIF,CASSIRSAYEQYF,TRUE
donor1,CAFMTNAGGTSYGKLTF,CASSIGVYGYTF,TRUE
donor1,CAGGGSQGNLIF,CASSTRSAYEQYF,TRUE
donor1,CAMSGDGGSQGNLIF,CASSIRAGETQYF,TRUE
donor1,CAGAGSQGNLIF,CASSIRSSYEQYF,TRUE
donor1,CAGGDGGSQGNLIF,CASSIRSTGELFF,TRUE
donor1,CAGGGSQGNLIF,CASSIRSSYEQYF,TRUE
donor1,CAFMKGAGGTSYGKLTF,CASSWGAYGYTF,TRUE
donor1,CAGGGSQGNLIF,CASSIRSSYEQYF,TRUE
donor1,CALMGNAGGTSYGKLTF,CASSQGNYGYTF,TRUE
donor1,CAGDYGGSQGNLIF,CASSIRSSYEQYF,TRUE
donor1,CAGGGSQGNLIF,CASSVRSSYEQYF,TRUE
donor1,CAFMTNAGGTSYGKLTF,CATSQGAYGYTF,TRUE
donor1,CAGNYGGSQGNLIF,CASSVRSTGELFF,TRUE
donor1,CAGAGSQGNLIF,CASSIRSSYEQYF,TRUE
donor1,CATDGGGGSQGNLIF,CASSGLAGLNEQFF,TRUE
donor1,CAGGGSQGNLIF,CASSIRSAYEQYF,TRUE
donor1,CAGGGSQGNLIF,CASSIRSSYEQYF,TRUE
donor1,CAGGGSQGNLIF,CASSIRSSYEQYF,TRUE
donor1,CAGGGSQGNLIF,CASSIRSSYEQYF,TRUE
donor1,CAFMKGAGGTSYGKLTF,CASSWGAYGYTF,TRUE
donor1,CAFMTNAGGTSYGKLTF,CASSQGAYGYTF,TRUE
donor1,CAFMTNAGGTSYGKLTF,CASSAGAYGYTF,TRUE
donor1,CAVGGGGGSQGNLIF,CASSIRASYEQYF,TRUE
donor1,CAVAVGVSGGGADGLTF,CASSQGAYGYTF,TRUE
donor1,CAGGGSQGNLIF,CASSIRSSYEQYF,TRUE
donor1,CAAGGSQGNLIF,CASSTRSAYEQYF,TRUE
donor1,CAVTPSNTGKLIF,CASSTRAGGVGQFF,TRUE
donor1,CAGGGSQGNLIF,CASSIRSSYEQYF,TRUE
donor1,CAVGGGGGSQGNLIF,CASSIRASYEQYF,TRUE
donor1,CAADNYGGSQGNLIF,CASSIYGGAGDGYTF,TRUE
donor1,CILREGFGNVLHC,CASSMRSGSEQFF,TRUE
donor1,CAGGGSQGNLIF,CASSIRSSYEQYF,TRUE
donor1,CAFMKDAGGTSYGKLTF,CASSIGSYGYTF,TRUE
donor1,CATDGGGGSQGNLIF,CASSGLAGLNEQFF,TRUE
donor1,CAVTDGGSQGNLIF,CASSIRSSYEQYF,TRUE
donor1,CAGAGSQGNLIF,CASSIRSSYEQYF,TRUE
donor1,CAFMTNAGGTSYGKLTF,CASSQGAYGYTF,TRUE
donor1,CAGGGSQGNLIF,CASSIRSSYEQYF,TRUE
donor1,CAGDYGGSQGNLIF,CASSIRSSYEQYF,TRUE
donor1,CAGGGSQGNLIF,CASSIRSSYEQYF,TRUE
donor1,CAGGGSQGNLIF,CASSIRSSYEQYF,TRUE
donor1,CAVRDGTGANNLFF,CASAGTGVEKLFF,TRUE
donor1,CAGAVGSSNTGKLIF,CASSIRSAYEQYF,TRUE
donor1,CALPSGGYQKVTF,CASSFGQGAEKLFF,TRUE
donor1,CAENLGGGSQGNLIF,CASSTRATGELFF,TRUE
donor1,CAGNYGGSQGNLIF,CASSVRSTGELFF,TRUE
donor1,CAFMINAGGTSYGKLTF,CASSIGSYGYTF,TRUE
donor1,CAVGGGGGSQGNLIF,CASSIRASYEQYF,TRUE
donor1,CAENIGGGSQGNLIF,CASSIRSGTEAFF,TRUE
donor1,CAASGGGSQGNLIF,CASSIRSQETQYF,TRUE
donor1,CAVTDGGSQGNLIF,CASSIRSSYEQYF,TRUE
donor1,CAGGGSQGNLIF,CASSIRSSYEQYF,TRUE
donor1,CAGGGSQGNLIF,CASSIRSAYEQYF,TRUE
donor1,CAGAHGSSNTGKLIF,CASSIRSAYEQYF,TRUE
donor1,CAVRDPHQGTDKLIF,CASSVDGDTSTDTQYF,TRUE
donor1,CAGGGSQGNLIF,CASSIRSSYEQYF,TRUE
donor1,CAGGGSQGNLIF,CASSIRSSYEQYF,TRUE
donor1,CAGGGSQGNLIF,CASSIRSSYEQYF,TRUE
donor1,CAGGGSQGNLIF,CASSIRSSYEQYF,TRUE
donor1,CAGGGSQGNLIF,CASSIRSSYEQYF,TRUE
donor1,CAFMTNAGGTSYGKLTF,CASSIGVYGYTF,TRUE
donor1,CAGASGGSQGNLIF,CASSGRSTGELFF,TRUE
donor1,CAFGGSQGNLIF,CASSIRSSETQYF,TRUE
donor1,CAVTDGGSQGNLIF,CASSIRSSYEQYF,TRUE
donor1,CAGAVGSSNTGKLIF,CASSIRSAYEQYF,TRUE
donor1,CAFMINAGGTSYGKLTF,CASSIGSYGYTF,TRUE
donor1,CAGGGSQGNLIF,CASSVRSSYEQYF,TRUE
donor1,CAVTDGGSQGNLIF,CASSIRSSYEQYF,TRUE
donor1,CAGAHGSSNTGKLIF,CASSIRSAYEQYF,TRUE
donor1,CAVTDGGSQGNLIF,CASSIRSSYEQYF,TRUE
donor1,CAGGGSQGNLIF,CASSIRSSYEQYF,TRUE
donor1,CAADNYGGSQGNLIF,CASSIYGGAGDGYTF,TRUE
donor1,CAVTSDPNQGGKLIF,CASSIRSSYEQYF,TRUE
donor1,CAGGGSQGNLIF,CASSIRSSYEQYF,TRUE
donor1,CAGGGSQGNLIF,CASSIRSSYEQYF,TRUE
donor1,CAGAVGSSNTGKLIF,CASSIRSAYEQYF,TRUE
donor1,CAGASGGSQGNLIF,CASSGRSTGELFF,TRUE
donor1,CAVNEGGGSQGNLIF,CASSTRAAYEQYF,TRUE
donor1,CAVTDGGSQGNLIF,CASSIRSSYEQYF,TRUE
donor1,CAVPGGGGSQGNLIF,CASSMRSTNEQFF,TRUE
donor1,CAVVPGNTGKLIF,CASSIRSGESRAFF,TRUE
donor1,CAGGGSQGNLIF,CASSIRSSYEQYF,TRUE
donor1,CAGGGSQGNLIF,CASSKGTSGSSLGNEQFF,TRUE
donor1,CAGAGSQGNLIF,CASSIRSSYEQYF,TRUE
donor1,CAFMKGAGGTSYGKLTF,CASSWGAYGYTF,TRUE
donor1,CAVTDGGSQGNLIF,CASSIRSSYEQYF,TRUE
donor1,CAGAVGSSNTGKLIF,CASSIRSAYEQYF,TRUE
donor1,CAGAHGSSNTGKLIF,CASSIRSAYEQYF,TRUE
donor1,CAGGGSQGNLIF,CASSVRSSYEQYF,TRUE
donor1,CAVTDGGSQGNLIF,CASSIRSSYEQYF,TRUE
donor1,CAVSGSQGNLIF,CASSIRSSYEQYF,TRUE
donor1,CAFMINAGGTSYGKLTF,CASSIGSYGYTF,TRUE
donor1,CAVTDGGSQGNLIF,CASSIRSSYEQYF,TRUE
donor1,CAENLGGGSQGNLIF,CASSTRATGELFF,TRUE
donor1,CAVVPGNTGKLIF,CASSIRSGESRAFF,TRUE
donor1,CAFMKGAGGTSYGKLTF,CASSWGAYGYTF,TRUE
donor1,CAGPGDGGSQGNLIF,CASSIRSSYEQYF,TRUE
donor1,CALNPLIQGAQKLVF,CASSLRASGAQYF,TRUE
donor1,CASAGSGNTGKLIF,CASSIRSAWEQFF,TRUE
donor1,CAASGGGSQGNLIF,CASSIRSQETQYF,TRUE
donor1,CAGAGSQGNLIF,CASSTRSSYEQYF,TRUE
donor1,CAGAHGSSNTGKLIF,CASSIRSAYEQYF,TRUE
donor1,CAGGGSQGNLIF,CASSIRSSYEQYF,TRUE
donor1,CAGADGSGNTGKLIF,CASSVRSAYEQYF,TRUE
donor1,CAGAVGSSNTGKLIF,CASSIRSSYEQYF,TRUE
donor1,CAGAHGSSNTGKLIF,CASSIRSAYEQYF,TRUE
donor1,CAVTDGGSQGNLIF,CASSIRSSYEQYF,TRUE
donor1,CAGGGSQGNLIF,CASSIRSSYEQYF,TRUE
donor1,CAGAGSQGNLIF,CASSIRSSYEQYF,TRUE
donor1,CAFMTNAGGTSYGKLTF,CASSIRSSYEQYF,TRUE
donor1,CAFMTNAGGTSYGKLTF,CASSAGSYGYTF,TRUE
donor1,CAGGGSQGNLIF,CASSVRSSYEQYF,TRUE
donor1,CAFMKGAGGTSYGKLTF,CASSFSGNTGELFF,TRUE
donor1,CAFMVNAGGTSYGKLTF,CASSQGSYGYTF,TRUE
donor1,CAVNEGGGSQGNLIF,CASSMRSSYEQYF,TRUE
donor1,CAVTDGGSQGNLIF,CASSIRSSYEQYF,TRUE
donor1,CAGGGSQGNLIF,CASSIRSSYEQYF,TRUE
donor1,CIVRVANTDKLIF,CASSSFSANEKLFF,TRUE
donor1,CAVTDGGSQGNLIF,CASSIRSSYEQYF,TRUE
donor1,CAGGGSQGNLIF,CASSVRSSYEQYF,TRUE
donor1,CAGGGSQGNLIF,CASSIRSSYEQYF,TRUE
donor1,CAVTDGGSQGNLIF,CASSIRSSYEQYF,TRUE
donor1,CAGANGGSQGNLIF,CASSVRSAGELFF,TRUE
donor1,CAGADGSSNTGKLIF,CASSIRSAYEQYF,TRUE
donor1,CAENLGGGSQGNLIF,CASSTRATGELFF,TRUE
donor1,CAGGGSQGNLIF,CASSIRSSYEQYF,TRUE
donor1,CAVVPGNTGKLIF,CASSIRSGESRAFF,TRUE
donor1,CAGGGSQGNLIF,CASSIRSSYEQYF,TRUE
donor1,CAGASGGGSQGNLIF,CASSIRSGYEQFF,TRUE
donor1,CAVNRTNAGKSTF,CASSGRSTGELFF,TRUE
donor1,CAGAHGSSNTGKLIF,CASSIRSAYEQYF,TRUE
donor1,CAGGGSQGNLIF,CASSIRSSYEQYF,TRUE
donor1,CAGGGSQGNLIF,CASSIRSSYEQYF,TRUE
donor1,CAGGGSQGNLIF,CASSIRSSYEQYF,TRUE
donor1,CAFMSNAGGTSYGKLTF,CASSMGSYGYTF,TRUE
donor1,CAFMKGAGGTSYGKLTF,CASSWGAYGYTF,TRUE
donor1,CAFMTNAGGTSYGKLTF,CASSAGAYGYTF,TRUE
donor1,CAGGGSQGNLIF,CASSIRSSYEQYF,TRUE
donor1,CAVNAGGGSQGNLIF,CASSVRSSYEQYF,TRUE
donor1,CAFMTNAGGTSYGKLTF,CASSIGVYGYTF,TRUE
donor1,CAFSMGGGSQGNLIF,CASSIRSTDTQYF,TRUE
donor1,CAGAHGSSNTGKLIF,CASSIRSAYEQYF,TRUE
donor1,CAVTDGGSQGNLIF,CASSIRSSYEQYF,TRUE
donor1,CAVRDPHQGTDKLIF,CASSVDGDTSTDTQYF,TRUE
donor1,CAADNYGGSQGNLIF,CASSIYGGAGDGYTF,TRUE
donor1,CAGGGSQGNLIF,CASSIRSSYEQYF,TRUE
donor1,CAVTDGGSQGNLIF,CASSIRSSYEQYF,TRUE
donor1,CAVNIGGGSQGNLIF,CASSFRSSYEQYF,TRUE
donor1,CAGASGSSNTGKLIF,CASSIRSSYEQYF,TRUE
donor1,CAVTDGGSQGNLIF,CASSIRSSYEQYF,TRUE
donor1,CAETLAPGGSYIPTF,CSALGGTQYF,TRUE
donor1,CAGNYGGSQGNLIF,CASSIRSTGELFF,TRUE
donor1,CAVTDGGSQGNLIF,CASSIRSSYEQYF,TRUE
donor1,CAGAVGSSNTGKLIF,CASSIRSAYEQYF,TRUE
donor1,CAVNAGGGSQGNLIF,CASSTRSSYEQYF,TRUE
donor1,CAGGGSQGNLIF,CASSIRSSYEQYF,TRUE
donor1,CAENLGGGSQGNLIF,CASSTRATGELFF,TRUE
donor1,CAFMKGAGGTSYGKLTF,CASSWGAYGYTF,TRUE
donor1,CAMSGGGRETSGSRLTF,CASSIRSNQPQHF,TRUE
donor1,CAFMQNAGGTSYGKLTF,CASSMGAYGYTF,TRUE
donor1,CAVGGGGGSQGNLIF,CASSIRASYEQYF,TRUE
donor1,CALPSGGYQKVTF,CASSFGQGAEKLFF,TRUE
donor1,CAGGGSQGNLIF,CASSIRSSYEQYF,TRUE
donor1,CAVNKGGGSQGNLIF,CASSMRASYEQYF,TRUE
donor1,CAVNEGGGSQGNLIF,CASSTRAAYEQYF,TRUE
donor1,CAVTDGGSQGNLIF,CASSIRSSYEQYF,TRUE
donor1,CAADNYGGSQGNLIF,CASSIYGGAGDGYTF,TRUE
donor1,CAVADMEYGNKLVF,CASSTGTLYGYTF,TRUE
donor1,CAGASGGGSQGNLIF,CASSIRSGYEQFF,TRUE
donor1,CAGGGSQGNLIF,CASSVRSSYEQYF,TRUE
donor1,CAGPGSQGNLIF,CASSIRSSYEQYF,TRUE
donor1,CAGAVGSSNTGKLIF,CASSIRSAYEQYF,TRUE
donor1,CAVNEGGGSQGNLIF,CASSTRAAYEQYF,TRUE
donor1,CAVRDMLGFNKFYF,CASSPTGSDTGELFF,TRUE
donor1,CAGAHGSSNTGKLIF,CASSIRSAYEQYF,TRUE
donor1,CAGDYGGSQGNLIF,CASSIRSSYEQYF,TRUE
donor1,CAFMKDAGGTSYGKLTF,CASSTRSAYEQYF,TRUE
donor1,CAASQGSGNTGKLIF,CASSQRSSYEQYF,TRUE
donor1,CAFMTNAGGTSYGKLTF,CASSAGAYGYTF,TRUE
donor1,CAGGGSQGNLIF,CASSVRSSYEQYF,TRUE
donor1,CAFMTNAGGTSYGKLTF,CASSQGAYGYTF,TRUE
donor1,CVVSARDNFNKFYF,CASSFGGRGLGFSGNTIYF,TRUE
donor1,CAGGGSQGNLIF,CASSIRSSYEQYF,TRUE
donor1,CAGGGSQGNLIF,CASSIRSSYEQYF,TRUE
donor1,CAGGGSQGNLIF,CASSIRSSYEQYF,TRUE
donor1,CAVFFEGGATNKLIF,CASSQGSWGYTF,TRUE
donor1,CATDGGGGSQGNLIF,CASSGLAGLNEQFF,TRUE
donor1,CAFMTNAGGTSYGKLTF,CASSQGAYGYTF,TRUE
donor1,CALPSGGYQKVTF,CASSFGQGAEKLFF,TRUE
donor1,CAGGGSQGNLIF,CASSIRSSYEQYF,TRUE
donor1,CAFMIGSGGTSYGKLTF,CASSIGAYGYTF,TRUE
donor1,CAGGGSQGNLIF,CASSVRSSYEQYF,TRUE
donor1,CAVTDGGSQGNLIF,CASSIRSSYEQYF,TRUE
donor1,CAVVLGSGNTGKLIF,CASSIRSAYEQYF,TRUE
donor1,CAVNEGGGSQGNLIF,CASSTRAAYEQYF,TRUE
donor1,CAGGGSQGNLIF,CASSIRSSYEQYF,TRUE
donor1,CAGGGSQGNLIF,CASSIRSSYEQYF,TRUE
donor1,CAVAVGVSGGGADGLTF,CASSQGAYGYTF,TRUE
donor1,CAMRGSGYSTLTF,CASSYLGGDAANYGYTF,TRUE
donor1,CAGGGSQGNLIF,CASSIRSSYEQYF,TRUE
donor1,CAADNYGGSQGNLIF,CASSIYGGAGDGYTF,TRUE
donor1,CAVQGSQGNLIF,CASSIRSSYEQYF,TRUE
donor1,CAASGGGSQGNLIF,CASSIRSQETQYF,TRUE
donor1,CAVGGGGGSQGNLIF,CASSIRASYEQYF,TRUE
donor1,CAVNRGYGGSQGNLIF,CASSMRASVEQYF,TRUE
donor1,CAGAGVGYGGSQGNLIF,CASSIRSAYEQYF,TRUE
donor1,CAGGGSQGNLIF,CASSIRSSYEQYF,TRUE
donor1,CAGGGSQGNLIF,CASSVRSSYEQYF,TRUE
donor1,CAFMKGAGGTSYGKLTF,CASSWGAYGYTF,TRUE
donor1,CAGGGSQGNLIF,CASSIRSSYEQYF,TRUE
donor1,CAGGGSQGNLIF,CASSIRSSYEQYF,TRUE
donor1,CALMGNAGGTSYGKLTF,CASSQGNYGYTF,TRUE
donor1,CIVRVANTDKLIF,CASSSFSANEKLFF,TRUE
donor1,CAVNSGYSTLTF,CASSIRSSYEQYF,TRUE
donor1,CAGAHGSSNTGKLIF,CASSIRSAYEQYF,TRUE
donor1,CAGGGSQGNLIF,CASSIRSSYEQYF,TRUE
donor1,CAFMTNAGGTSYGKLTF,CASSQGAYGYTF,TRUE
donor1,CAFMIHAGGTSYGKLTF,CASSIGSYGYTF,TRUE
donor1,CAVGGGGGSQGNLIF,CASSIRASYEQYF,TRUE
donor1,CAVADMEYGNKLVF,CASSTGTLYGYTF,TRUE
donor1,CAADNYGGSQGNLIF,CASSIYGGAGDGYTF,TRUE
donor1,CAGGGSQGNLIF,CASSIRSSYEQYF,TRUE
donor1,CADPFSSNTGKLIF,CASSTFSSGRTEAFF,TRUE
donor1,CAADNYGGSQGNLIF,CASSIYGGAGDGYTF,TRUE
donor1,CAVGGGGGSQGNLIF,CASSIRASYEQYF,TRUE
donor1,CAVNAGGGSQGNLIF,CASSVRSSYEQYF,TRUE
donor1,CAFMKGAGGTSYGKLTF,CASSWGAYGYTF,TRUE
donor1,CAGAVGSSNTGKLIF,CASSIRSAYEQYF,TRUE
donor1,CAGGGSQGNLIF,CASSIRSSYEQYF,TRUE
donor1,CAGASGSSNTGKLIF,CASSTRSAYEQYF,TRUE
donor1,CAFMINAGGTSYGKLTF,CASSIGSYGYTF,TRUE
donor1,CAENLGGGSQGNLIF,CASSTRATGELFF,TRUE
donor1,CAASGGGSQGNLIF,CASSIRSQETQYF,TRUE
donor1,CAGGGSQGNLIF,CASSVRSSYEQYF,TRUE
donor1,CAGGGSQGNLIF,CASSIRSSYEQYF,TRUE
donor1,CAFMIGAGGTSYGKLTF,CASSMGSYGYTF,TRUE
donor1,CAVSGDYKLSF,CASSSRWGYEQYF,TRUE
donor1,CAWSSNAGGTSYGKLTF,CASSWGGGSHYGYTF,TRUE
donor1,CAGNYGGSQGNLIF,CASSIRSTGELFF,TRUE
donor1,CAGNYGGSQGNLIF,CASSVRSTGELFF,TRUE
donor1,CAGGGSQGNLIF,CASSVRSSYEQYF,TRUE
donor1,CAVRDPHQGTDKLIF,CASSVDGDTSTDTQYF,TRUE
donor1,CAFMTNAGGTSYGKLTF,CASSAGAYGYTF,TRUE
donor1,CASGGSQGNLIF,CASSVRSSYEQYF,TRUE
donor1,CAGGGSQGNLIF,CASSIRSSYEQYF,TRUE
donor1,CAFMTNAGGTSYGKLTF,CASSQGAYGYTF,TRUE
donor1,CAGSNTNAGKSTF,CASSIRSSYEQYF,TRUE
donor1,CAGGGSQGNLIF,CASSIRSSYEQYF,TRUE
donor1,CAGNYGGSQGNLIF,CASSGRSTGELFF,TRUE
donor1,CAGAHGSSNTGKLIF,CASSIRSAYEQYF,TRUE
donor1,CAFMKDAGGTSYGKLTF,CASSIGSYGYTF,TRUE
donor1,CAVVPGNTGKLIF,CASSIRSGESRAFF,TRUE
donor1,CALMGNAGGTSYGKLTF,CASSQGNYGYTF,TRUE
donor1,CAVRDGTGANNLFF,CASNPSSTDTQYF,TRUE
donor1,CAASGGGSQGNLIF,CASSIRSQETQYF,TRUE
donor1,CAASGGGSQGNLIF,CASSIRSQETQYF,TRUE
donor1,CAVDEGGGSQGNLIF,CASSIRSTDTQYF,TRUE
donor1,CASGGSQGNLIF,CASSVRSSYEQYF,TRUE
donor1,CAGAHGSSNTGKLIF,CASSIRSAYEQYF,TRUE
donor1,CAGGGSQGNLIF,CASSIRSSYEQYF,TRUE
donor1,CAASGGGSQGNLIF,CASSIRSQETQYF,TRUE
donor1,CALPSGGYQKVTF,CASSFGQGAEKLFF,TRUE
donor1,CAGGGSQGNLIF,CASSIRSSYEQYF,TRUE
donor1,CAYMSNAGGTSYGKLTF,CASSFGSYGYTF,TRUE
donor1,CAGGGSQGNLIF,CASSFVPTSSGNTIYF,TRUE
donor1,CAGGGSQGNLIF,CASSVRSSYEQYF,TRUE
donor1,CAGGGSQGNLIF,CASSIRSSYEQYF,TRUE
donor1,CASGGSQGNLIF,CASSIRSSYEQYF,TRUE
donor1,CAFMTNAGGTSYGKLTF,CASSIGVYGYTF,TRUE
donor1,CAGGGSQGNLIF,CASSIRSSYEQYF,TRUE
donor1,CAASRGKGGGADGLTF,CASSYSTGTVDYEQYF,TRUE
donor1,CAGGGSQGNLIF,CASSVRSSYEQYF,TRUE
donor1,CAGGGSQGNLIF,CASSIRSSYEQYF,TRUE
donor1,CAATYTGNQFYF,CASSLGRTNQPQHF,TRUE
donor1,CAGGGEGGSQGNLIF,CASSTRSSYEQYF,TRUE
donor1,CAGGGSQGNLIF,CASSIRSSYEQYF,TRUE
donor1,CAVGGGGGSQGNLIF,CASSIRASYEQYF,TRUE
donor1,CAVNAGGGSQGNLIF,CASSIRSSYEQYF,TRUE
donor1,CAADNYGGSQGNLIF,CASSIYGGAGDGYTF,TRUE
donor1,CAGGGSQGNLIF,CASSVRSSYEQYF,TRUE
donor1,CAGAVGSSNTGKLIF,CASSIRSAYEQYF,TRUE
donor1,CAGAVGSSNTGKLIF,CASSIRSSYEQYF,TRUE
donor1,CAVTDGGSQGNLIF,CASSIRSSYEQYF,TRUE
donor1,CALTYGGSQGNLIF,CASSLRAGIEQYF,TRUE
donor1,CAGAHGSSNTGKLIF,CASSIRSAYEQYF,TRUE
donor1,CAGAHGSSNTGKLIF,CASSIRSAYEQYF,TRUE
donor1,CAGNYGGSQGNLIF,CASSVRSTGELFF,TRUE
donor1,CAADNYGGSQGNLIF,CASSIYGGAGDGYTF,TRUE
donor1,CAFMTNAGGTSYGKLTF,CASSQGAYGYTF,TRUE
donor1,CAGGGSQGNLIF,CASSIRSAYEQYF,TRUE
donor1,CAGGGSQGNLIF,CASSIRSSYEQYF,TRUE
donor1,CAGGGSQGNLIF,CASSIRSSYEQYF,TRUE
donor1,CAGGGSQGNLIF,CASSIRSSYEQYF,TRUE
donor1,CAVTDGGSQGNLIF,CASSIRSSYEQYF,TRUE
donor1,CAGGGSQGNLIF,CASSIRSSYEQYF,TRUE
donor1,CAGANTNAGKSTF,CASSTRSSYEQYF,TRUE
donor1,CAGASGSSNTGKLIF,CASSIRSSYEQYF,TRUE
donor1,CAASGGGSQGNLIF,CASSIRSQETQYF,TRUE
donor1,CALPSGGYQKVTF,CASSFGQGAEKLFF,TRUE
donor1,CAGPTHNMNYGGSQGNLIF,CASSYYSNQPQHF,TRUE
donor1,CAGGGSQGNLIF,CASSIRSSYEQYF,TRUE
donor1,CAVGGSQGNLIF,CASSIRSSYEQYF,TRUE
donor1,CAVGGGGGSQGNLIF,CASSIRASYEQYF,TRUE
donor1,CAGGGSQGNLIF,CASSVRSSYEQYF,TRUE
donor1,CAGGGSQGNLIF,CASSIRSSYEQYF,TRUE
donor1,CALPSGGYQKVTF,CASSFGQGAEKLFF,TRUE
donor1,CAENLGGGSQGNLIF,CASSTRATGELFF,TRUE
donor1,CAGGGSQGNLIF,CASSIRSSYEQYF,TRUE
donor1,CAVRDGTGANNLFF,CASSISSTGELFF,TRUE
donor1,CAGGGSQGNLIF,CASSIRSAYEQYF,TRUE
donor1,CAGASGSSNTGKLIF,CASSIRSSYEQYF,TRUE
donor1,CAGGGSQGNLIF,CASSIRSSYEQYF,TRUE
donor1,CAGGGSQGNLIF,CASSIRSSYEQYF,TRUE
donor1,CAGAHGSSNTGKLIF,CASSIRSAYEQYF,TRUE
donor1,CAVADMEYGNKLVF,CASSTGTLYGYTF,TRUE
donor1,CAFMKDAGGTSYGKLTF,CASSIGSYGYTF,TRUE
donor1,CAGGGSQGNLIF,CASSIRSSYEQYF,TRUE
donor1,CALSGGSNYKLTF,CASSIRSSYEQYF,TRUE
donor1,CAGGGSQGNLIF,CASSIRSSYEQYF,TRUE
donor1,CAFMKGAGGTSYGKLTF,CASSWGAYGYTF,TRUE
donor1,CAVGGGGGSQGNLIF,CASSIRASYEQYF,TRUE
donor1,CAVRDPHQGTDKLIF,CASSVDGDTSTDTQYF,TRUE
donor1,CAMSASNFGNEKLTF,CASSSIRGPLSGNTIYF,TRUE
donor1,CAFMTNAGGTSYGKLTF,CASSQGAYGYTF,TRUE
donor1,CATDGSSSNTGKLIF,CASSIYSGGYNEQFF,TRUE
donor1,CAVDEGGGSQGNLIF,CASSIRSTDTQYF,TRUE
donor1,CAVRDGTGANNLFF,CASNPSSTDTQYF,TRUE
donor1,CAGGGSQGNLIF,CASSIRSSYEQYF,TRUE
donor1,CIVRVANTDKLIF,CASSSFSANEKLFF,TRUE
donor1,CAGGGSQGNLIF,CASSVRSSYEQYF,TRUE
donor1,CAFMINAGGTSYGKLTF,CASSIGSYGYTF,TRUE
donor1,CAGAHGSSNTGKLIF,CASSIRSAYEQYF,TRUE
donor1,CAGGGSQGNLIF,CASSIRSSYEQYF,TRUE
donor1,CAGAEGSSNTGKLIF,CASSIRSAYEQYF,TRUE
donor1,CAGGGSQGNLIF,CASSIRSSYEQYF,TRUE
donor1,CAGAHGSSNTGKLIF,CASSIRSAYEQYF,TRUE
donor1,CAGPGSQGNLIF,CASSIRSSYEQYF,TRUE
donor1,CVVNIGGGSQGNLIF,CASSIRSTDTQYF,TRUE
donor1,CAENMGGGSQGNLIF,CRVGQVMVLCTF,TRUE
donor1,CAGNYGGSQGNLIF,CASSVRSTGELFF,TRUE
donor1,CAGGGSQGNLIF,CASSIRSSYEQYF,TRUE
donor1,CAGAHGSSNTGKLIF,CASSIRSAYEQYF,TRUE
donor1,CAGASGGSQGNLIF,CSVGTGGAGQPQHF,TRUE
donor1,CAGGGSQGNLIF,CASSVRSSYEQYF,TRUE
donor1,CAGGGSQGNLIF,CASSIRSSYEQYF,TRUE
donor1,CAGAQGSSNTGKLIF,CASSIRSAYEQYF,TRUE
donor1,CAGGGSQGNLIF,CASSVRSSYEQYF,TRUE
donor1,CAGAQGSSNTGKLIF,CASSIRSAYEQYF,TRUE
donor1,CALPSGGYQKVTF,CASSFGQGAEKLFF,TRUE
donor1,CAGGGSQGNLIF,CASSVRSSYEQYF,TRUE
donor1,CAFMKGAGGTSYGKLTF,CASSWGAYGYTF,TRUE
donor1,CAGDYGGSQGNLIF,CASSIRSSYEQYF,TRUE
donor1,CAGGGSQGNLIF,CASSIRSSYEQYF,TRUE
donor1,CAENIGGGSQGNLIF,CASSIRSGTEAFF,TRUE
donor1,CAGAGSSNTGKLIF,CASSIRSAYEQYF,TRUE
donor1,CAASGGGSQGNLIF,CASSIRSQETQYF,TRUE
donor1,CAGGGSQGNLIF,CASSIRSSYEQYF,TRUE
donor1,CAGDYGGSQGNLIF,CASSIRSSYEQYF,TRUE
donor1,CAVNAGGGSQGNLIF,CASAPDGFFYGYTF,TRUE
donor1,CIVRVANTDKLIF,CASSSFSANEKLFF,TRUE
donor1,CAGNYGGSQGNLIF,CASSARSTGELFF,TRUE
donor1,CAFMTNAGGTSYGKLTF,CASSQGAYGYTF,TRUE
donor1,CAGAHGSSNTGKLIF,CASSIRSAYEQYF,TRUE
donor1,CAGAGSQGNLIF,CASSIRSSYEQYF,TRUE
donor1,CAFMMGAGGTSYGKLTF,CASKRGMSNQPQHF,TRUE
donor1,CALNQAGTALIF,CASSPRGQSYEQYF,TRUE
donor1,CAGGGSQGNLIF,CASSIRSSYEQYF,TRUE
donor1,CAVSDQISGNEKLTF,CASSIHKNQPQHF,TRUE
donor1,CAGGGSQGNLIF,CASSIRSSYEQYF,TRUE
donor1,CAMSGDGGSQGNLIF,CASSIRAGETQYF,TRUE
donor1,CAENLGGGSQGNLIF,CASSTRATGELFF,TRUE
donor1,CAGGGSQGNLIF,CASSIRSSYEQYF,TRUE
donor1,CAGASGSSNTGKLIF,CASSIRSSYEQYF,TRUE
donor1,CAGGGSQGNLIF,CASSIRSSYEQYF,TRUE
donor1,CAFMTNAGGTSYGKLTF,CASSIGVYGYTF,TRUE
donor1,CAGGGSQGNLIF,CASSIRSSYEQYF,TRUE
donor1,CAGGGSQGNLIF,CASSIRSSYEQYF,TRUE
donor1,CAWSSNAGGTSYGKLTF,CASSIGLYGYTF,TRUE
donor1,CAFMKGAGGTSYGKLTF,CASSWGAYGYTF,TRUE
donor1,CAGGGSQGNLIF,CASSVRSSYEQYF,TRUE
donor1,CAFMKDAGGTSYGKLTF,CASSIGSYGYTF,TRUE
donor1,CAVYNFNKFYF,CASSPASGNEQYF,TRUE
donor1,CAGGGSQGNLIF,CASSVRSSYEQYF,TRUE
donor1,CAGASGGSQGNLIF,CASSGRSTGELFF,TRUE
donor1,CALPSGGYQKVTF,CASSFGQGAEKLFF,TRUE
donor1,CASGGSQGNLIF,CASSIRSSYEQYF,TRUE
donor1,CAADNYGGSQGNLIF,CASSIYGGAGDGYTF,TRUE
donor1,CAGGGSQGNLIF,CASSIRSSYEQYF,TRUE
donor1,CAGGGSQGNLIF,CASSVRSSYEQYF,TRUE
donor1,CAVVPGNTGKLIF,CASSIRSGESRAFF,TRUE
donor1,CAFMKGAGGTSYGKLTF,CASSWGAYGYTF,TRUE
donor1,CAGGGSQGNLIF,CASSIRSSYEQYF,TRUE
donor1,CAVNIGGGSQGNLIF,CASSFRSSYEQYF,TRUE
donor1,CAGGGSQGNLIF,CASSIRSSYEQYF,TRUE
donor1,CAFMINAGGTSYGKLTF,CASSIGSYGYTF,TRUE
donor1,CAGGGSQGNLIF,CASSIRSSYEQYF,TRUE
donor1,CAVGGGGGSQGNLIF,CASSIRASYEQYF,TRUE
donor1,CAENLGGGSQGNLIF,CASSTRATGELFF,TRUE
donor1,CAASGGGSQGNLIF,CASSIRSQETQYF,TRUE
donor1,CAGASGSSNTGKLIF,CQQQRSTGGSNQPQHF,TRUE
donor1,CAGDGGGGSQGNLIF,CASSHRSTDTQYF,TRUE
donor1,CASAGSGNTGKLIF,CASSIRSAWEQFF,TRUE
donor1,CAGPIAGGSQGNLIF,CASGVYSNQPQHF,TRUE
donor1,CAGASGGGSQGNLIF,CASSIRSGYEQFF,TRUE
donor1,CAFMINAGGTSYGKLTF,CAISGAARDTQYF,TRUE
donor1,CAVNEGGGSQGNLIF,CASSTRAAYEQYF,TRUE
donor1,CAFMTNAGGTSYGKLTF,CASSIGIYGYTF,TRUE
donor1,CAADNYGGSQGNLIF,CASSIYGGAGDGYTF,TRUE
donor1,CAGAVGSSNTGKLIF,CASSIRSAYEQYF,TRUE
donor1,CAFMINAGGTSYGKLTF,CASSIGSYGYTF,TRUE
donor1,CAGGGSQGNLIF,CASSVRSSYEQYF,TRUE
donor1,CAGGGSQGNLIF,CASSIRSSYEQYF,TRUE
donor1,CAFMTNAGGTSYGKLTF,CASSAGAYGYTF,TRUE
donor1,CAVRDPHQGTDKLIF,CASSVDGDTSTDTQYF,TRUE
donor1,CAGGGSQGNLIF,CASSIRSSYEQYF,TRUE
donor1,CAGGGSQGNLIF,CASSIRSSYEQYF,TRUE
donor1,CAGGGSQGNLIF,CASAFYSNQPQHF,TRUE
donor1,CVVISSGGSYIPTF,CASSPDQETSYTDTQYF,TRUE
donor1,CAFMINAGGTSYGKLTF,CASSIGSYGYTF,TRUE
donor1,CILREGFGNVLHC,CASSMRSGSEQFF,TRUE
donor1,CAENMGGGSQGNLIF,CASSLEGGTTPFYEQYF,TRUE
donor1,CAFMIGSGGTSYGKLTF,CASSIGAYGYTF,TRUE
donor1,CAFMKGAGGTSYGKLTF,CASSWGAYGYTF,TRUE
donor1,CAVNIGGGSQGNLIF,CASSFRSSYEQYF,TRUE
donor1,CAGASGSSNTGKLIF,CQQQRSTGGSNQPQHF,TRUE
donor1,CAVTDGGSQGNLIF,CASSIRSSYEQYF,TRUE
donor1,CAGGGSQGNLIF,CASSIRSSYEQYF,TRUE
donor1,CAGAHGSSNTGKLIF,CASSIRSAYEQYF,TRUE
donor1,CAVRSSGGSYIPTF,CATSTGDSNQPQHF,TRUE
donor1,CAFMQNAGGTSYGKLTF,CASSMGAYGYTF,TRUE
donor1,CAGGGSQGNLIF,CASSIRSSYEQYF,TRUE
donor1,CAGGGSQGNLIF,CASSVRSSYEQYF,TRUE
donor1,CAVTDGGSQGNLIF,CASSIRSSYEQYF,TRUE
donor1,CAARGGGGSQGNLIF,CASSIRASYEQYF,TRUE
donor1,CAASGGGSQGNLIF,CASSIRSQETQYF,TRUE
donor1,CAGGGSQGNLIF,CASSIRSSYEQYF,TRUE
donor1,CAGGGSQGNLIF,CASSIRSSYEQYF,TRUE
donor1,CALSESNSGNTPLVF,CASSVDPAQETQYF,TRUE
donor1,CAGAHGSSNTGKLIF,CASSIRSAYEQYF,TRUE
donor1,CAVGGGGGSQGNLIF,CASSIRASYEQYF,TRUE
donor1,CAVRDPHQGTDKLIF,CASSVDGDTSTDTQYF,TRUE
donor1,CAVEVNAGNNRKLIW,CASSIRSSYEQYF,TRUE
donor1,CAFMINAGGTSYGKLTF,CASSIGAYGYTF,TRUE
donor1,CAGAIGSSNTGKLIF,CASSIRSSYEQYF,TRUE
donor1,CALPSGGYQKVTF,CASSFGQGAEKLFF,TRUE
donor1,CAFMVNAGGTSYGKLTF,CASSIGVYGYTF,TRUE
donor1,CAVGGGGGSQGNLIF,CASSIRASYEQYF,TRUE
donor1,CAENIGGGSQGNLIF,CASSIRSGTEAFF,TRUE
donor1,CAGASGGSQGNLIF,CASSFSGNTGELFF,TRUE
donor1,CAGAHGSSNTGKLIF,CASSIRSAYEQYF,TRUE
donor1,CAVTDGGSQGNLIF,CASSIRSSYEQYF,TRUE
donor1,CAVTDGGSQGNLIF,CASSIRSSYEQYF,TRUE
donor1,CAVRDIIYGNNRLAF,CASSLVEGGLAGSYNEQFF,TRUE
donor1,CALPSGGYQKVTF,CASSFGQGAEKLFF,TRUE
donor1,CAGGGSQGNLIF,CASSVRSSYEQYF,TRUE
donor1,CAARGGGGSQGNLIF,CASSIRASYEQYF,TRUE
donor1,CAFMINAGGTSYGKLTF,CASSIGSYGYTF,TRUE
donor1,CAASGSGGTSYGKLTF,CASSYLRTGSVRYNEQFF,TRUE
donor1,CAFMTNAGGTSYGKLTF,CASSIGVYGYTF,TRUE
donor1,CAVRDPHQGTDKLIF,CASSVDGDTSTDTQYF,TRUE
donor1,CAFMKGAGGTSYGKLTF,CASSIRSSYEQYF,TRUE
donor1,CAVRDPHQGTDKLIF,CASSVDGDTSTDTQYF,TRUE
donor1,CAGGGSQGNLIF,CASSVRSSYEQYF,TRUE
donor1,CGTEMGGGSQGNLIF,CASSIRSTDTQYF,TRUE
donor1,CAGPGSQGNLIF,CASSIRSSYEQYF,TRUE
donor1,CAGGGSQGNLIF,CASSVRSSYEQYF,TRUE
donor1,CAFMINAGGTSYGKLTF,CASSIGSYGYTF,TRUE
donor1,CAVDPMDTGRRALTF,CASSLGFTDTQYF,TRUE
donor1,CAVTDGGSQGNLIF,CASSIRSSYEQYF,TRUE
donor1,CAFMKDAGGTSYGKLTF,CASSIGSYGYTF,TRUE
donor1,CAVPGGGGSQGNLIF,CASSMRSTNEQFF,TRUE
donor1,CAGGGSQGNLIF,CASSVRSSYEQYF,TRUE
donor1,CAVSSDNTGKLIF,CASSIRSNYEQYF,TRUE
donor1,CAGNYGGSQGNLIF,CASSIRSTGELFF,TRUE
donor1,CAGANGSSNTGKLIF,CASSIRSAYEQYF,TRUE
donor1,CAGGGSQGNLIF,CASSVRSSYEQYF,TRUE
donor1,CAGPPGSSNTGKLIF,CASSIRSSYEQYF,TRUE
donor1,CAGAIGSSNTGKLIF,CASSIRSSYEQYF,TRUE
donor1,CAENLGGGSQGNLIF,CASSTRATGELFF,TRUE
donor1,CAASGGGSQGNLIF,CASSIRSQETQYF,TRUE
donor1,CIVRVANTDKLIF,CASSSFSANEKLFF,TRUE
donor1,CAGNYGGSQGNLIF,CASSVRSTGELFF,TRUE
donor1,CAVPGGGGSQGNLIF,CASSMRSTNEQFF,TRUE
donor1,CVVNMDTGRRALTF,CASSPRPDKEAFF,TRUE
donor1,CAASGGGSQGNLIF,CASSIRSQETQYF,TRUE
donor1,CAADNYGGSQGNLIF,CASSIYGGAGDGYTF,TRUE
donor1,CAFMTNAGGTSYGKLTF,CASSAGAYGYTF,TRUE
donor1,CAENEGGGSQGNLIF,CASSSRAGGEQYF,TRUE
donor1,CAGGGSQGNLIF,CASSVRSSYEQYF,TRUE
donor1,CAFMKGAGGTSYGKLTF,CASSWGAYGYTF,TRUE
donor1,CAGASGSSNTGKLIF,CASSIRSSYEQYF,TRUE
donor1,CAVVPGNTGKLIF,CASSIRSGESRAFF,TRUE
donor1,CAENIGGGSQGNLIF,CASSIRSGTEAFF,TRUE
donor1,CAFMTNAGGTSYGKLTF,CASSQGAYGYTF,TRUE
donor1,CAGGGSQGNLIF,CASSIRSSYEQYF,TRUE
donor1,CAFMKDAGGTSYGKLTF,CASSIGSYGYTF,TRUE
donor1,CAVGGGGGSQGNLIF,CASSIRASYEQYF,TRUE
donor1,CAGANGSSNTGKLIF,CASSIRSAYTQYF,TRUE
donor1,CAGGGSQGNLIF,CASSIRSSYEQYF,TRUE
donor1,CAGGGSQGNLIF,CASSIRSSYEQYF,TRUE
donor1,CAGAGGGSQGNLIF,CASSGRSTDTQYF,TRUE
donor1,CAGGGSQGNLIF,CASSIRSSYEQYF,TRUE
donor1,CAFMINAGGTSYGKLTF,CASSIGSYGYTF,TRUE
donor1,CAVSGSQGNLIF,CASSLRSSYEQYF,TRUE
donor1,CASGGSQGNLIF,CASSIRSSYEQYF,TRUE
donor1,CAVTDGGSQGNLIF,CASSIRSSYEQYF,TRUE
donor1,CAGQYRDDKIIF,CASSIGLGEQYF,TRUE
donor1,CAFMTNAGGTSYGKLTF,CASSQGAYGYTF,TRUE
donor1,CAVTPSNTGKLIF,CASSTRAGGVGQFF,TRUE
donor1,CAFSRGHYGGSQGNLIF,CASSIRSSYEQYF,TRUE
donor1,CAVGGGGGSQGNLIF,CASSIRASYEQYF,TRUE
donor1,CAVNAGGGSQGNLIF,CASSTRSSYEQYF,TRUE
donor1,CAGNYGGSQGNLIF,CASSIRSTGELFF,TRUE
donor1,CAVVLGSGNTGKLIF,CASSIRSAYEQYF,TRUE
donor1,CAGDYGGSQGNLIF,CASSIRSSYEQYF,TRUE
donor1,CAVTDGGSQGNLIF,CASSIRSSYEQYF,TRUE
donor1,CAGDYGGSQGNLIF,CASSIRSSYEQYF,TRUE
donor1,CAGGGSQGNLIF,CASSVRSSYEQYF,TRUE
donor1,CAGAGSQGNLIF,CASSALSGRAIDEQYF,TRUE
donor1,CAFMTNAGGTSYGKLTF,CASSQGAYGYTF,TRUE
donor1,CAGGGSQGNLIF,CASSIRSSYEQYF,TRUE
donor1,CAALDSWGKFQF,CASSARSGEPQHF,TRUE
donor1,CAVTDGGSQGNLIF,CASSIRSSYEQYF,TRUE
donor1,CAGGGSQGNLIF,CASSVRSSYEQYF,TRUE
donor1,CAGGGSQGNLIF,CASSIRSSYEQYF,TRUE
donor1,CAGGGSQGNLIF,CASSIRSSYEQYF,TRUE
donor1,CAGGGSQGNLIF,CASSIRSSYEQYF,TRUE
donor1,CAARPSF,CASSIRSSYEQYF,TRUE
donor1,CAGGGSSNTGKLIF,CASSIRSAYEQYF,TRUE
donor1,CAFMSNAGGTSYGKLTF,CASSMGSYGYTF,TRUE
donor1,CAFMTNAGGTSYGKLTF,CASSQGAYGYTF,TRUE
donor1,CAGAHGSSNTGKLIF,CASSIRSAYEQYF,TRUE
donor1,CAGGGSQGNLIF,CASSIRSSYEQYF,TRUE
donor1,CAFMIGAGGTSYGKLTF,CASSVPNPRPAKSGANVLTF,TRUE
donor1,CAGAGGGSQGNLIF,CASSTRSTGELFF,TRUE
donor1,CAVTNYGGATNKLIF,CASSTSHVGTEAFF,TRUE
donor1,CAVTDGGSQGNLIF,CASSIRSSYEQYF,TRUE
donor1,CAFMTNAGGTSYGKLTF,CASSQGAYGYTF,TRUE
donor1,CAADNYGGSQGNLIF,CASSIYGGAGDGYTF,TRUE
donor1,CAVTPSNTGKLIF,CASSTRAGGVGQFF,TRUE
donor1,CAASGGGSQGNLIF,CASSIRSQETQYF,TRUE
donor1,CAGAGGGSQGNLIF,CASSGRSTGELFF,TRUE
donor1,CAASGGGSQGNLIF,CASSIRSQETQYF,TRUE
donor1,CAGGGSQGNLIF,CASSIRSAYEQYF,TRUE
donor1,CAVNAGGGSQGNLIF,CASSVRSSYEQYF,TRUE
donor1,CAFMLDAGGTSYGKLTF,CASSIGYYGYTF,TRUE
donor1,CAGGGSQGNLIF,CASSVRSSYEQYF,TRUE
donor1,CAVTDGGSQGNLIF,CASSIRSSYEQYF,TRUE
donor1,CAASGGGSQGNLIF,CASSIRSQETQYF,TRUE
donor1,CAGASGSSNTGKLIF,CQQQRSTGGSNQPQHF,TRUE
donor1,CAGGGSQGNLIF,CASSVRSSYEQYF,TRUE
donor1,CAVNEGGGSQGNLIF,CASSTRAAYEQYF,TRUE
donor1,CAMSGDGGSQGNLIF,CASSIRAGETQYF,TRUE
donor1,CALKLIKAAGNKLTF,CAWTGTGKIGWDSPLHF,TRUE
donor1,CAGGGSQGNLIF,CASSIRSSYEQYF,TRUE
donor1,CAADNYGGSQGNLIF,CASSIYGGAGDGYTF,TRUE
donor1,CAYATNAGGTSYGKLTF,CASSIGLYGYTF,TRUE
donor1,CAGGGSQGNLIF,CASSIRSSYEQYF,TRUE
donor1,CAGAVGSSNTGKLIF,CASSIRSAYEQYF,TRUE
donor1,CAGPPPNAGKSTF,CASSMRSAYEQYF,TRUE
donor1,CAENMGGGSQGNLIF,CASSIRSGNEQYF,TRUE
donor1,CARATNDYKLSF,CASSSAGPYGYTF,TRUE
donor1,CAASGGGSQGNLIF,CASSIRSQETQYF,TRUE
donor1,CAFMTNAGGTSYGKLTF,CASSIGVYGYTF,TRUE
donor1,CAGGGSQGNLIF,CASSTRSAYEQYF,TRUE
donor1,CAESIGGGSQGNLIF,CASSTRSGYEQYF,TRUE
donor1,CAGGGSSNTGKLIF,CASSIRSSYEQYF,TRUE
donor1,CAGGGSQGNLIF,CASSIRSSYEQYF,TRUE
donor1,CAGGGSSNTGKLIF,CASSIRSSYEQYF,TRUE
donor1,CAFMINAGGTSYGKLTF,CASSIGSYGYTF,TRUE
donor1,CAFMTNAGGTSYGKLTF,CASSQGAYGYTF,TRUE
donor1,CAVVPGNTGKLIF,CASSIRSGESRAFF,TRUE
donor1,CAGGGEGGSQGNLIF,CASSTRSSYEQYF,TRUE
donor1,CAGGGSQGNLIF,CASSIRSSYEQYF,TRUE
donor1,CAGAHGSSNTGKLIF,CASSIRSAYEQYF,TRUE
donor1,CAVTDGGSQGNLIF,CASSIRSSYEQYF,TRUE
donor1,CAGGGSQGNLIF,CASSVRSSYEQYF,TRUE
donor1,CAYSHNAGGTSYGKLTF,CASSIGVYGYTF,TRUE
donor1,CAFMTNAGGTSYGKLTF,CASSQGAYGYTF,TRUE
donor1,CAFMINAGGTSYGKLTF,CASSIGSYGYTF,TRUE
donor1,CAGAVGSSNTGKLIF,CASSIRSAYEQYF,TRUE
donor1,CAGGGSQGNLIF,CASSIRSSYEQYF,TRUE
donor1,CAASGGGSQGNLIF,CASSIRSQETQYF,TRUE
donor1,CAFMINAGGTSYGKLTF,CASSIGYYGYTF,TRUE
donor1,CAENMRNTDKLIF,CASSSFGGRELFF,TRUE
donor1,CAYSLSAGGTSYGKLTF,CASSIGVYGYTF,TRUE
donor1,CAGGGSQGNLIF,CASSIRSSYEQYF,TRUE
donor1,CAGGGSQGNLIF,CASSIRSSYEQYF,TRUE
donor1,CAVVPGNTGKLIF,CASSIRSGESRAFF,TRUE
donor1,CAVNEGGGSQGNLIF,CASSTRAAYEQYF,TRUE
donor1,CAGGGSQGNLIF,CASSIRSSYEQYF,TRUE
donor1,CAGGGSQGNLIF,CASSIRSSYEQYF,TRUE
donor1,CAGGGSQGNLIF,CASSIRSSYEQYF,TRUE
donor1,CASAGSGNTGKLIF,CASSIRSAWEQFF,TRUE
donor1,CAGGGSQGNLIF,CASSIRSSYEQYF,TRUE
donor1,CAGASGGSQGNLIF,CASSGRSTGELFF,TRUE
donor1,CAGGGSQGNLIF,CASSIRSSYEQYF,TRUE
donor1,CAFMKGAGGTSYGKLTF,CASSWGAYGYTF,TRUE
donor1,CAVHLIWEGGGATNKLIF,CATSDFTDSGANVLTF,TRUE
donor1,CAVGGNNNDMRF,CSARDYLNSYEQYF,TRUE
donor1,CAGGGSQGNLIF,CASSIRSSYEQYF,TRUE
donor1,CAARGGGGSQGNLIF,CASSFSGNTGELFF,TRUE
donor1,CAFMKGAGGTSYGKLTF,CASSWGAYGYTF,TRUE
donor1,CAGGGSQGNLIF,CASSIRSSYEQYF,TRUE
donor1,CAGGGSQGNLIF,CASSIRSSYEQYF,TRUE
donor1,CAANNQGGKLIF,CASSGRSGETQYF,TRUE
donor1,CAFMKGAGGTSYGKLTF,CASSWGAYGYTF,TRUE
donor1,CAGANGSSNTGKLIF,CASSIRSAYEQYF,TRUE
donor1,CAFMINAGGTSYGKLTF,CASSIGSYGYTF,TRUE
donor1,CAFMKGAGGTSYGKLTF,CASSWGAYGYTF,TRUE
donor1,CAVRDPHQGTDKLIF,CASSVDGDTSTDTQYF,TRUE
donor1,CAFMTNAGGTSYGKLTF,CASSQGAYGYTF,TRUE
donor1,CAGGGSQGNLIF,CASSYSYEQYF,TRUE
donor1,CAYRTKETSGSRLTF,CASSIGSYGYTF,TRUE
donor1,CAGAHGSSNTGKLIF,CASSIRSSYEQYF,TRUE
donor1,CAYSLSAGGTSYGKLTF,CASSIGVYGYTF,TRUE
donor1,CAGGGSQGNLIF,CASSIRSSYEQYF,TRUE
donor1,CAGAHGSSNTGKLIF,CASSIRSAYEQYF,TRUE
donor1,CAGALGSSNTGKLIF,CASSSRSAYEQYF,TRUE
donor1,CAVTDGGSQGNLIF,CASSIRSSYEQYF,TRUE
donor1,CAGASGGGSQGNLIF,CASSIRSGYEQFF,TRUE
donor1,CAGGGSQGNLIF,CASSIRSSYEQYF,TRUE
donor1,CAFMTNAGGTSYGKLTF,CASSAGAYGYTF,TRUE
donor1,CATDGGGGSQGNLIF,CASSGLAGLNEQFF,TRUE
donor1,CAENLGGGSQGNLIF,CASSTRATGELFF,TRUE
donor1,CAFMKGAGGTSYGKLTF,CASSWGAYGYTF,TRUE
donor1,CAVTDGGSQGNLIF,CASSIRSSYEQYF,TRUE
donor1,CAPEGGQNFVF,CASSIRSGETQYF,TRUE
donor1,CAVTDGGSQGNLIF,CASSIRSSYEQYF,TRUE
donor1,CAASEGSSNTGKLIF,CASSIRSGETQYF,TRUE
donor1,CALPSGGYQKVTF,CASSFGQGAEKLFF,TRUE
donor1,CAAKGSSNTGKLIF,CASSIRSSYEQYF,TRUE
donor1,CAGAVGSSNTGKLIF,CASSIRSAYEQYF,TRUE
donor1,CAGADGGGSQGNLIF,CASSIRSGYEQYF,TRUE
donor1,CAFMINAGGTSYGKLTF,CASSIGSYGYTF,TRUE
donor1,CAENLGGGSQGNLIF,CASSTRATGELFF,TRUE
donor1,CAGASGGGSQGNLIF,CASSIRSGYEQFF,TRUE
donor1,CAGDYGGSQGNLIF,CASSIRSSYEQYF,TRUE
donor1,CAVQGSQGNLIF,CASSIRSSYEQYF,TRUE
donor1,CAFMTNAGGTSYGKLTF,CASSQGAYGYTF,TRUE
donor1,CAGGGSQGNLIF,CASSIRSSYEQYF,TRUE
donor1,CAGGGSQGNLIF,CASSIRSSYEQYF,TRUE
donor1,CAVVPGNTGKLIF,CASSIRSGESRAFF,TRUE
donor1,CAVNKGGGSQGNLIF,CASSLVSLNYGYTF,TRUE
donor1,CAVPGGGGSQGNLIF,CASSMRSTNEQFF,TRUE
donor1,CAGGGSQGNLIF,CASSVRSSYEQYF,TRUE
donor1,CAASETSYDKVIF,CASSIGVYGYTF,TRUE
donor1,CAFMIGSGGTSYGKLTF,CASSIGAYGYTF,TRUE
donor1,CAFMTNAGGTSYGKLTF,CASSQGAYGYTF,TRUE
donor1,CAADNYGGSQGNLIF,CASSIYGGAGDGYTF,TRUE
donor1,CAGDYGGSQGNLIF,CASSIRSSYEQYF,TRUE
donor1,CAGGGSQGNLIF,CASSKGTSGSSLGNEQFF,TRUE
donor1,CADMNRDDKIIF,CASSIRAAYEQYF,TRUE
donor1,CAADNYGGSQGNLIF,CASSIYGGAGDGYTF,TRUE
donor1,CAGGGSQGNLIF,CASSIRSSYEQYF,TRUE
donor1,CAGASGGGSQGNLIF,CASSIRSGYEQFF,TRUE
donor1,CAGASGSSNTGKLIF,CASSIRSSYEQYF,TRUE
donor1,CAVNEGGGSQGNLIF,CASSTRAAYEQYF,TRUE
donor1,CAGGGSQGNLIF,CASSIRSSYEQYF,TRUE
donor1,CAGGGSQGNLIF,CASSIRSSYEQYF,TRUE
donor1,CALTGGGSQGNLIF,CASSIRSGDTQYF,TRUE
donor1,CAFMIGSGGTSYGKLTF,CASSIGAYGYTF,TRUE
donor1,CAGGGEGGSQGNLIF,CASSTRSSYEQYF,TRUE
donor1,CAGASGSSNTGKLIF,CASSIRSSYEQYF,TRUE
donor1,CAFMIGAGGTSYGKLTF,CASSVGSYGYTF,TRUE
donor1,CAFMVNAGGTSYGKLTF,CASSIGVYGYTF,TRUE
donor1,CAGGGSQGNLIF,CASSIRSAYEQYF,TRUE
donor1,CAVRDPHQGTDKLIF,CASSVDGDTSTDTQYF,TRUE
donor1,CAGGGSQGNLIF,CASSIRSSYEQYF,TRUE
donor1,CAVPGGGGSQGNLIF,CASSMRSTNEQFF,TRUE
donor1,CAGASGGGSQGNLIF,CASSIRSGYEQFF,TRUE
donor1,CAADNYGGSQGNLIF,CASSIYGGAGDGYTF,TRUE
donor1,CAGGGSQGNLIF,CASSIRSSYEQYF,TRUE
donor1,CAGGGSQGNLIF,CASSIRSSYEQYF,TRUE
donor1,CAVTDGGSQGNLIF,CASSIRSSYEQYF,TRUE
donor1,CAFMKDAGGTSYGKLTF,CASSIGSYGYTF,TRUE
donor1,CAGSSGGSQGNLIF,CASSPRSTDTQYF,TRUE
donor1,CAANNQGGKLIF,CASSGRSGETQYF,TRUE
donor1,CAVADMEYGNKLVF,CASSMDRFTNQPQHF,TRUE
donor1,CIVRVANTDKLIF,CASSSFSANEKLFF,TRUE
donor1,CAVTDGGSQGNLIF,CASSIRSSYEQYF,TRUE
donor1,CAGGGSQGNLIF,CASSIRSSYEQYF,TRUE
donor1,CAARGGGGSQGNLIF,CASSIRASYEQYF,TRUE
donor1,CAADNYGGSQGNLIF,CASSIYGGAGDGYTF,TRUE
donor1,CAENIGGGSQGNLIF,CASSIRSSYEQYF,TRUE
donor1,CAGGGSSNTGKLIF,CASSIRSSYEQYF,TRUE
donor1,CAGDYGGSQGNLIF,CASSIRSSYEQYF,TRUE
donor1,CAENMGGGSQGNLIF,CASSVRAGETQYF,TRUE
donor1,CAVNAGGGSQGNLIF,CASSVRSSYEQYF,TRUE
donor1,CATDGGGGSQGNLIF,CASSGLAGLNEQFF,TRUE
donor1,CAGQTGNTGKLIF,CASSVRSADTQYF,TRUE
donor1,CAGNYGGSQGNLIF,CASSGRSTGELFF,TRUE
donor1,CAGGGSQGNLIF,CASSIRSSYEQYF,TRUE
donor1,CAGGGSQGNLIF,CASSVRSSYEQYF,TRUE
donor1,CAENIGGGSQGNLIF,CASSIRSGTEAFF,TRUE
donor1,CAGGGSQGNLIF,CASSVRSSYEQYF,TRUE
donor1,CAVVPGNTGKLIF,CASSIRSGESRAFF,TRUE
donor1,CAGGGSQGNLIF,CASSIRSSYEQYF,TRUE
donor1,CAENNGGGSQGNLIF,CASSIRSVHEQFF,TRUE
donor1,CAGAVGSSNTGKLIF,CASSIRSAYEQYF,TRUE
donor1,CAGGGSQGNLIF,CASSIRSSYEQYF,TRUE
donor1,CAGGGSQGNLIF,CASSIRSAYEQYF,TRUE
donor1,CATDGGGGSQGNLIF,CATSQRSTDTQYF,TRUE
donor1,CAGASGSSNTGKLIF,CQQQRSTGGSNQPQHF,TRUE
donor1,CAGGGSQGNLIF,CASSIRSSYEQYF,TRUE
donor1,CAGGGSQGNLIF,CASSIRSSYEQYF,TRUE
donor1,CAFMTNAGGTSYGKLTF,CATSQGAYGYTF,TRUE
donor1,CAGPGSQGNLIF,CASSIRSSYEQYF,TRUE
donor1,CAVVPGNTGKLIF,CASSIRSGESRAFF,TRUE
donor1,CAFMTNAGGTSYGKLTF,CASSQGAYGYTF,TRUE
donor1,CAGAGGGSQGNLIF,CASSGRSTGELFF,TRUE
donor1,CALPSGGYQKVTF,CASSFGQGAEKLFF,TRUE
donor1,CAADNYGGSQGNLIF,CASSIYGGAGDGYTF,TRUE
donor1,CAVEVNAGNNRKLIW,CQQQRSTGGSNQPQHF,TRUE
donor1,CAADNYGGSQGNLIF,CASSIYGGAGDGYTF,TRUE
donor1,CAGGGSQGNLIF,CASSIRSSYEQYF,TRUE
donor1,CAASGGGSQGNLIF,CASSIRSQETQYF,TRUE
donor1,CAVGGGGGSQGNLIF,CASSSRSGTEQFF,TRUE
donor1,CAFMKGAGGTSYGKLTF,CASSTGAYGYTF,TRUE
donor1,CAVNLGGGSQGNLIF,CASSARSGEPQHF,TRUE
donor1,CAESIGGGSQGNLIF,CASSTRSGYEQYF,TRUE
donor1,CAVNLGGGSQGNLIF,CASSARSGEPQHF,TRUE
donor1,CAGGGSQGNLIF,CASSIRSSYEQYF,TRUE
donor1,CAFMTNAGGTSYGKLTF,CASSQGAYGYTF,TRUE
donor1,CAGGGSQGNLIF,CASSIRSSYEQYF,TRUE
donor1,CAVNAGGGSQGNLIF,CASSTRSSYEQYF,TRUE
donor1,CATDGGGGSQGNLIF,CATSQRSTDTQYF,TRUE
donor1,CAGANGSSNTGKLIF,CASSIRSAYEQYF,TRUE
donor1,CAGAVGSSNTGKLIF,CASSIRSSYEQYF,TRUE
donor1,CAFMTNAGGTSYGKLTF,CASSQGAYGYTF,TRUE
donor1,CAVTDGGSQGNLIF,CASSIRSSYEQYF,TRUE
donor1,CAGGGSQGNLIF,CASSIRSAYEQYF,TRUE
donor1,CAVPLGGGSQGNLIF,CASSIRAATEAFF,TRUE
donor1,CAGADGSSNTGKLIF,CASSIRSAYEQYF,TRUE
donor1,CAFMKDAGGTSYGKLTF,CASSIGSYGYTF,TRUE
donor1,CAGGGSQGNLIF,CASSIRSSYEQYF,TRUE
donor1,CAETWNNFNKFYF,CASSLGPITGLPYNEQFF,TRUE
donor1,CAVTDGGSQGNLIF,CASSIRSSYEQYF,TRUE
donor1,CAVTDGGSQGNLIF,CASSIRSSYEQYF,TRUE
donor1,CAGGGSQGNLIF,CASSVRSSYEQYF,TRUE
donor1,CAENLGGGSQGNLIF,CASSTRATGELFF,TRUE
donor1,CAFMTNAGGTSYGKLTF,CASSQGAYGYTF,TRUE
donor1,CAGGGSQGNLIF,CASSIRSSYEQYF,TRUE
donor1,CAGGGSSNTGKLIF,CASSIRSSYEQYF,TRUE
donor1,CAVSGSQGNLIF,CASSIRSSYEQYF,TRUE
donor1,CAADNYGGSQGNLIF,CASSIYGGAGDGYTF,TRUE
donor1,CALPSGGYQKVTF,CASSFGQGAEKLFF,TRUE
donor1,CAVNEGGGSQGNLIF,CASSTRAAYEQYF,TRUE
donor1,CAFMSNAGGTSYGKLTF,CASSMGSYGYTF,TRUE
donor1,CAASGGGSQGNLIF,CASSIRSQETQYF,TRUE
donor1,CAGGGSQGNLIF,CASSVRSSYEQYF,TRUE
donor1,CAASVTNTGNQFYF,CASSIRSTYEQYF,TRUE
donor1,CAGPGSQGNLIF,CASSIRSSYEQYF,TRUE
donor1,CAGGGSQGNLIF,CASSIRSSYEQYF,TRUE
donor1,CAGASGNTGKLIF,CASSIRGAYEQYF,TRUE
donor1,CAWSSNAGGTSYGKLTF,CASSIGLYGYTF,TRUE
donor1,CALSEASLVDSNYQLIW,CASSPTSGGYNEQFF,TRUE
donor1,CALSEAGTGGSYIPTF,CASSSFLGAEAFF,TRUE
donor1,CAASGGGSQGNLIF,CASSIRSQETQYF,TRUE
donor1,CAASQGSGNTGKLIF,CASSQRSSYEQYF,TRUE
donor1,CAGASGSSNTGKLIF,CASSIRSSYEQYF,TRUE
donor1,CAADNYGGSQGNLIF,CASSIYGGAGDGYTF,TRUE
donor1,CAGGGSQGNLIF,CASSVRSSYEQYF,TRUE
donor1,CAGNYGGSQGNLIF,CASSVRSTGELFF,TRUE
donor1,CAENLGGGSQGNLIF,CASSTRATGELFF,TRUE
donor1,CAGASGSSNTGKLIF,CQQQRSTGGSNQPQHF,TRUE
donor1,CAVNLGGGSQGNLIF,CASSHRSSYEQYF,TRUE
donor1,CAGAVGSSNTGKLIF,CASSIRSSYEQYF,TRUE
donor1,CAASGGGSQGNLIF,CASSIRSQETQYF,TRUE
donor1,CAFMTNAGGTSYGKLTF,CASSQGAYGYTF,TRUE
donor1,CAGAPGSSNTGKLIF,CASSTRSAYEQYF,TRUE
donor1,CAFMINAGGTSYGKLTF,CASSIGYYGYTF,TRUE
donor1,CAESMNARLMF,CSARNPSGTNNEQFF,TRUE
donor1,CAGAIGSSNTGKLIF,CASSIRSSYEQYF,TRUE
donor1,CAFMINAGGTSYGKLTF,CASSIGSYGYTF,TRUE
donor1,CAARPSF,CASSIRSSYEQYF,TRUE
donor1,CATDGGGGSQGNLIF,CASSGLAGLNEQFF,TRUE
donor1,CAFMINAGGTSYGKLTF,CASSIGYYGYTF,TRUE
donor1,CAGAQGSSNTGKLIF,CASSIRSAYEQYF,TRUE
donor1,CALSEAGTGGSYIPTF,CASSSFLGAEAFF,TRUE
donor1,CAGAGSQGNLIF,CASSIRSSYEQYF,TRUE
donor1,CAGGGSQGNLIF,CASSIRSSYEQYF,TRUE
donor1,CATDGGGGSQGNLIF,CASSPRSTDTQYF,TRUE
donor1,CAVNDYKLSF,CASRPKQGGGGNEQFF,TRUE
donor1,CAESKNNNARLMF,CASSLSGYEQYF,TRUE
donor1,CAGAQGSSNTGKLIF,CASSIRSAYEQYF,TRUE
donor1,CAGGGSQGNLIF,CASSVRSSYEQYF,TRUE
donor1,CAGGGSQGNLIF,CASSIRSSYEQYF,TRUE
donor1,CAGAHGSSNTGKLIF,CASSIRSAYEQYF,TRUE
donor1,CALPSGGYQKVTF,CASSFGQGAEKLFF,TRUE
donor1,CAGAVGSSNTGKLIF,CASSIRSAYEQYF,TRUE
donor1,CAGNYGGSQGNLIF,CASSVRSTGELFF,TRUE
donor1,CAVRDGTGANNLFF,CASNPSSTDTQYF,TRUE
donor1,CAADNYGGSQGNLIF,CASSIRSTDTQYF,TRUE
donor1,CAGNYGGSQGNLIF,CASSIRSDEKLFF,TRUE
donor1,CAGGGSQGNLIF,CASSIRSSYEQYF,TRUE
donor1,CAVNEGGGSQGNLIF,CASSTRAAYEQYF,TRUE
donor1,CALPSGGYQKVTF,CASSFGQGAEKLFF,TRUE
donor1,CAFMINAGGTSYGKLTF,CASSIGAYGYTF,TRUE
donor1,CAENLGGGSQGNLIF,CASSTRATGELFF,TRUE
donor1,CAVTDGGSQGNLIF,CASSIRSSYEQYF,TRUE
donor1,CAAALYNNAGNMLTF,CASSIYSNQPQHF,TRUE
donor1,CAVNLGGGSQGNLIF,CASSIRSTYEQYF,TRUE
donor1,CALMGNAGGTSYGKLTF,CASSQGNYGYTF,TRUE
donor1,CAVNIGGGSQGNLIF,CASSFRSSYEQYF,TRUE
donor1,CIVRVANTDKLIF,CASSSFSANEKLFF,TRUE
donor1,CILRETSYDKVIF,CASSYHSNQPQHF,TRUE
donor1,CILREGFGNVLHC,CASSMRSGSEQFF,TRUE
donor1,CAGGGSQGNLIF,CASSIRSSYEQYF,TRUE
donor1,CAGGGSQGNLIF,CASSIRSSYEQYF,TRUE
donor1,CAGGGSQGNLIF,CASSIRSSYEQYF,TRUE
donor1,CAVPGGGGSQGNLIF,CASSMRSTNEQFF,TRUE
donor1,CAVNAGGGSQGNLIF,CASSVRSSYEQYF,TRUE
donor1,CAFMTNAGGTSYGKLTF,CASSIGIYGYTF,TRUE
donor1,CAADNYGGSQGNLIF,CASSIYGGAGDGYTF,TRUE
donor1,CAGGGSQGNLIF,CASSIRSSYEQYF,TRUE
donor1,CAGGGSQGNLIF,CASSIRSSYEQYF,TRUE
donor1,CIVRVANTDKLIF,CASSSFSANEKLFF,TRUE
donor1,CAVDPMDTGRRALTF,CASSLGFTDTQYF,TRUE
donor1,CAGGGSQGNLIF,CASSIRSSYEQYF,TRUE
donor1,CAGGGSQGNLIF,CASSVRSSYEQYF,TRUE
donor1,CAADNYGGSQGNLIF,CASSIYGGAGDGYTF,TRUE
donor1,CAFMINAGGTSYGKLTF,CASSIGSYGYTF,TRUE
donor1,CAVGGGGGSQGNLIF,CASSIRASYEQYF,TRUE
donor1,CASAGSGNTGKLIF,CASSTRSGTEAFF,TRUE
donor1,CAGGGSQGNLIF,CASSIRSSYEQYF,TRUE
donor1,CAGPGSQGNLIF,CASSIRSSYEQYF,TRUE
donor1,CAGAHGSSNTGKLIF,CASSIRSAYEQYF,TRUE
donor1,CAGGGSQGNLIF,CASSIRSSYEQYF,TRUE
donor1,CAGAHGSSNTGKLIF,CASSIRSAYEQYF,TRUE
donor1,CAGGGSQGNLIF,CASSIRSSYEQYF,TRUE
donor1,CAGGGSQGNLIF,CASSIRSSYEQYF,TRUE
donor1,CAGNYGGSQGNLIF,CASSSRSTGELFF,TRUE
donor1,CAFMKDAGGTSYGKLTF,CASSIGSYGYTF,TRUE
donor1,CAGAVGSSNTGKLIF,CASSIRSAYEQYF,TRUE
donor1,CAGNYGGSQGNLIF,CASSVRSTGELFF,TRUE
donor1,CAATGTSYDKVIF,CASSYHSNQPQHF,TRUE
donor1,CAFMKDAGGTSYGKLTF,CASSIGVYGYTF,TRUE
donor1,CAFMINAGGTSYGKLTF,CASSLGTANYGYTF,TRUE
donor1,CAGGGSQGNLIF,CASSIRSSYEQYF,TRUE
donor1,CAYRTKETSGSRLTF,CASSIGSYGYTF,TRUE
donor1,CAGGGSQGNLIF,CASSIRSSYEQYF,TRUE
donor1,CAGGGSQGNLIF,CASSIRSSYEQYF,TRUE
donor1,CAVTDGGSQGNLIF,CASSIRSSYEQYF,TRUE
donor1,CAGGGEGGSQGNLIF,CASSTRSSYEQYF,TRUE
donor1,CAGGGSQGNLIF,CASSIRSAYEQYF,TRUE
donor1,CAYGTNAGGTSYGKLTF,CASSIGVYGYTF,TRUE
donor1,CAASGGGSQGNLIF,CASSIRSQETQYF,TRUE
donor1,CAFMSNAGGTSYGKLTF,CSARDPDVPGGNEQFF,TRUE
donor1,CAVVEGGGSQGNLIF,CASSIRSSYEQYF,TRUE
donor1,CAGGGSQGNLIF,CASSIRSSYEQYF,TRUE
donor1,CAGAHGSSNTGKLIF,CASSIRSAYEQYF,TRUE
donor1,CAGGGSQGNLIF,CASSVRSSYEQYF,TRUE
donor1,CAVTDGGSQGNLIF,CASSIRSSYEQYF,TRUE
donor1,CALNYGGSQGNLIF,CASSVRSSYEQYF,TRUE
donor1,CAVADMEYGNKLVF,CASSTGTLYGYTF,TRUE
donor1,CAGGGSQGNLIF,CASSVRSSYEQYF,TRUE
donor1,CAGGGSQGNLIF,CASSIRSSYEQYF,TRUE
donor1,CAGAHGSSNTGKLIF,CASSIRSAYEQYF,TRUE
donor1,CALTGNYGQNFVF,CASSIRSSYEQYF,TRUE
donor1,CATVPSNTGKLIF,CASSMRSGANVLTF,TRUE
donor1,CAGGGSQGNLIF,CASSVRSSYEQYF,TRUE
donor1,CAVGGGGGSQGNLIF,CASSIRASYEQYF,TRUE
donor1,CATDGGGGSQGNLIF,CASSGLAGLNEQFF,TRUE
donor1,CAGANGSSNTGKLIF,CASSIRSAYEQYF,TRUE
donor1,CAASGGGSQGNLIF,CASSIRSQETQYF,TRUE
donor1,CAVRSFSGGYNKLIF,CASSLAGDSYEQYF,TRUE
donor1,CAFMTNAGGTSYGKLTF,CASSAGSYGYTF,TRUE
donor1,CAFMTNAGGTSYGKLTF,CASSQGAYGYTF,TRUE
donor1,CAFMTNAGGTSYGKLTF,CASSIGVYGYTF,TRUE
donor1,CAGGGSQGNLIF,CASSVRSSYEQYF,TRUE
donor1,CAGAYGGSQGNLIF,CASSTRSDSPLHF,TRUE
donor1,CAGPGSQGNLIF,CASSIRSSYEQYF,TRUE
donor1,CAGPGSQGNLIF,CASSIRSSYEQYF,TRUE
donor1,CAGGGSQGNLIF,CASSIRSSYEQYF,TRUE
donor1,CAVGGGGGSQGNLIF,CASSIRASYEQYF,TRUE
donor1,CAGPTHNMNYGGSQGNLIF,CASSYYSNQPQHF,TRUE
donor1,CAASASNNNDMRF,CASSMVSQGEQFF,TRUE
donor1,CAGGGSQGNLIF,CASSIRSSYEQYF,TRUE
donor1,CILREGFGNVLHC,CASSMRSGSEQFF,TRUE
donor1,CAGAHGSSNTGKLIF,CASSIRSAYEQYF,TRUE
donor1,CAGGGSQGNLIF,CASSVRSSYEQYF,TRUE
donor1,CAGGGSQGNLIF,CASSIRSSYEQYF,TRUE
donor1,CAVRDPHQGTDKLIF,CASSVDGDTSTDTQYF,TRUE
donor1,CAGGGSQGNLIF,CASSVRSSYEQYF,TRUE
donor1,CAGGGSQGNLIF,CASSIRSSYEQYF,TRUE
donor1,CAGGGSQGNLIF,CASSIRSSYEQYF,TRUE
donor1,CALPSGGYQKVTF,CASSFGQGAEKLFF,TRUE
donor1,CAFMIGAGGTSYGKLTF,CASSVPNPRPAKSGANVLTF,TRUE
donor1,CAFMTNAGGTSYGKLTF,CATSQGAYGYTF,TRUE
donor1,CAGGGSQGNLIF,CASSVRSSYEQYF,TRUE
donor1,CAASASNNNDMRF,CASSMVSQGEQFF,TRUE
donor1,CAGASGSSNTGKLIF,CASSIRSSYEQYF,TRUE
donor1,CAGGGSQGNLIF,CASSIRSSYEQYF,TRUE
donor1,CAADNYGGSQGNLIF,CASSIYGGAGDGYTF,TRUE
donor1,CAGAQGSSNTGKLIF,CASSIRSAYEQYF,TRUE
donor1,CAVVLGSGNTGKLIF,CASSIRSAYEQYF,TRUE
donor1,CAGAGGGSQGNLIF,CASSGRSTDTQYF,TRUE
donor1,CAGASGSSNTGKLIF,CASSIRAAYEQYF,TRUE
donor1,CAGGGSQGNLIF,CASSIRSSYEQYF,TRUE
donor1,CAVTDGGSQGNLIF,CASSIRSSYEQYF,TRUE
donor1,CAGASGSSNTGKLIF,CASSIRSSYEQYF,TRUE
donor1,CALSDNEDSTLTF,CASSPLAVTYNEQFF,TRUE
donor1,CAERGGGGSQGNLIF,CASSIRASETQYF,TRUE
donor1,CAGGGSQGNLIF,CASSIRSAYEQYF,TRUE
donor1,CAFMKGAGGTSYGKLTF,CASSWGAYGYTF,TRUE
donor1,CAGGGSQGNLIF,CASSIRSSYEQYF,TRUE
donor1,CAVTDGGSQGNLIF,CASSIRSSYEQYF,TRUE
donor1,CAVAVGVSGGGADGLTF,CASSGIWDFTDTQYF,TRUE
donor1,CAFMINAGGTSYGKLTF,CASSIGSYGYTF,TRUE
donor1,CAGASGSSNTGKLIF,CASSIRSSYEQYF,TRUE
donor1,CAGGGSSNTGKLIF,CASSIRSSYEQYF,TRUE
donor1,CAVRDPHQGTDKLIF,CASSVDGDTSTDTQYF,TRUE
donor1,CAVAVGVSGGGADGLTF,CASSQGAYGYTF,TRUE
donor1,CAWSSNAGGTSYGKLTF,CASSIGLYGYTF,TRUE
donor1,CAVTDGGSQGNLIF,CASSIRSSYEQYF,TRUE
donor1,CALPSGGYQKVTF,CASSFGQGAEKLFF,TRUE
donor1,CALMGNAGGTSYGKLTF,CASSQGNYGYTF,TRUE
donor1,CAENLGGGSQGNLIF,CASSTRATGELFF,TRUE
donor1,CAENMGGGSQGNLIF,CASSDRSGNTIYF,TRUE
donor1,CAGGNYGGSQGNLIF,CASSIRSDEKLFF,TRUE
donor1,CAVTDGGSQGNLIF,CASSIRSSYEQYF,TRUE
donor1,CAGAVGSSNTGKLIF,CASSIRSAYEQYF,TRUE
donor1,CAGGGSQGNLIF,CASSIRSSYEQYF,TRUE
donor1,CAGAHGSSNTGKLIF,CASSIRSAYEQYF,TRUE
donor1,CAGGGSQGNLIF,CASSIRSAYEQYF,TRUE
donor1,CAVNAGGGSQGNLIF,CASSTRSSYEQYF,TRUE
donor1,CALPSGGYQKVTF,CASSFGQGAEKLFF,TRUE
donor1,CAADNYGGSQGNLIF,CASSIYGGAGDGYTF,TRUE
donor1,CAGGGSQGNLIF,CASSIRSSYEQYF,TRUE
donor1,CAGGGSQGNLIF,CASSIRSSYEQYF,TRUE
donor1,CATDGGGGSQGNLIF,CATSQRSTDTQYF,TRUE
donor1,CAENLGGGSQGNLIF,CASSTRATGELFF,TRUE
donor1,CAVSGSQGNLIF,CASSIRSSYEQYF,TRUE
donor1,CAASGGGSQGNLIF,CASSGRSQETQYF,TRUE
donor1,CAGGGSQGNLIF,CASSIRSSYEQYF,TRUE
donor1,CALPSGGYQKVTF,CASSFGQGAEKLFF,TRUE
donor1,CALPSGGYQKVTF,CASSFGQGAEKLFF,TRUE
donor1,CAFMINAGGTSYGKLTF,CASSIGAYGYTF,TRUE
donor1,CAGGGSQGNLIF,CASSIRSSYEQYF,TRUE
donor1,CAGAHGSSNTGKLIF,CASSIRSAYEQYF,TRUE
donor1,CAASIRPMEYGNKLVF,CASSTTGTPGNTIYF,TRUE
donor1,CAGGGSQGNLIF,CASSIRSSYEQYF,TRUE
donor1,CAFMVNAGGTSYGKLTF,CASSIGSYGYTF,TRUE
donor1,CAFMKGAGGTSYGKLTF,CASSWGAYGYTF,TRUE
donor1,CAGGGSQGNLIF,CASSVRSSYEQYF,TRUE
donor1,CAAGGSQGNLIF,CASSIRSSYEQYF,TRUE
donor1,CAGPGSQGNLIF,CASSIRSSYEQYF,TRUE
donor1,CAGADGGGSQGNLIF,CASSIRSGYEQYF,TRUE
donor1,CAMSGDGGSQGNLIF,CASSVRAGETQYF,TRUE
donor1,CAGNGGGSQGNLIF,CASSGRSTGELFF,TRUE
donor1,CATDGGGGSQGNLIF,CASSGLAGLNEQFF,TRUE
donor1,CAFMKGAGGTSYGKLTF,CASSWGAYGYTF,TRUE
donor1,CAVVPGNTGKLIF,CASSIRSGESRAFF,TRUE
donor1,CAGDYGGSQGNLIF,CASSIRSSYEQYF,TRUE
donor1,CAADNYGGSQGNLIF,CASSIYGGAGDGYTF,TRUE
donor1,CAVNKGGGSQGNLIF,CASSMRASYEQYF,TRUE
donor1,CAGAVGSSNTGKLIF,CASSIRSAYEQYF,TRUE
donor1,CAFMINAGGTSYGKLTF,CASSIGSYGYTF,TRUE
donor1,CAENMGGGSQGNLIF,CASSIRAAGELFF,TRUE
donor1,CAGDYGGSQGNLIF,CASSIRSSYEQYF,TRUE
donor1,CAGGGSQGNLIF,CASSIRSSYEQYF,TRUE
donor1,CAGGGSQGNLIF,CASSIRSSYEQYF,TRUE
donor1,CAASGGGSQGNLIF,CASSIRSQETQYF,TRUE
donor1,CASGGSQGNLIF,CASSVRSSYEQYF,TRUE
donor1,CAGADDTGKLIF,CASSIRSSYEQYF,TRUE
donor1,CAADNYGGSQGNLIF,CASSIYGGAGDGYTF,TRUE
donor1,CAVRDPHQGTDKLIF,CASSVDGDTSTDTQYF,TRUE
donor1,CAVAVGVSGGGADGLTF,CASSQGAYGYTF,TRUE
donor1,CAMSGDGGSQGNLIF,CASGRLSYNEQFF,TRUE
donor1,CAGGGSQGNLIF,CASSIRSAYEQYF,TRUE
donor1,CAVPGGGGSQGNLIF,CASSMRSTNEQFF,TRUE
donor1,CAARGGGGSQGNLIF,CASSIRASYEQYF,TRUE
donor1,CAFMINAGGTSYGKLTF,CASSIGSYGYTF,TRUE
donor1,CAGGGSQGNLIF,CASSVRSSYEQYF,TRUE
donor1,CAFMTNAGGTSYGKLTF,CASSIGVYGYTF,TRUE
donor1,CAGGGSQGNLIF,CASSIRSSYEQYF,TRUE
donor1,CAASGGGSQGNLIF,CASSIRSQETQYF,TRUE
donor1,CAVRIGGGTSYGKLTF,CASSSRSGVEQYF,TRUE
donor1,CAGGGSQGNLIF,CASSIRSSYEQYF,TRUE
donor1,CAGGGSQGNLIF,CASSVRSSYEQYF,TRUE
donor1,CAVQGSQGNLIF,CASSIRSSYEQYF,TRUE
donor1,CAGAHGSSNTGKLIF,CASSIRSAYEQYF,TRUE
donor1,CAVVPGNTGKLIF,CASSIRSGESRAFF,TRUE
donor1,CVVNGGADGLTF,CASRQSFNEQFF,TRUE
donor1,CAGGGSQGNLIF,CASSVRSSYEQYF,TRUE
donor1,CAANNQGGKLIF,CASSGRSGETQYF,TRUE
donor1,CAGGGSSNTGKLIF,CASSIRSSYEQYF,TRUE
donor1,CAGAIGSSNTGKLIF,CASSIRSSYEQYF,TRUE
donor1,CAASGGGSQGNLIF,CASSIRSQETQYF,TRUE
donor1,CALDRAGNNRKLIW,CASSIRSSYEQYF,TRUE
donor1,CAVTDGGSQGNLIF,CASSIRSSYEQYF,TRUE
donor1,CAGGGSQGNLIF,CASSIRSSYEQYF,TRUE
donor1,CAVTDGGSQGNLIF,CASSIRSSYEQYF,TRUE
donor1,CAVTDGGSQGNLIF,CASSIRSSYEQYF,TRUE
donor1,CAGGGSQGNLIF,CASSIRSSYEQYF,TRUE
donor1,CAVGMIKAAGNKLTF,CSALGGTQYF,TRUE
donor1,CAGGGSQGNLIF,CASSIRSSYEQYF,TRUE
donor1,CAFMTNAGGTSYGKLTF,CASSQGAYGYTF,TRUE
donor1,CAGGGSQGNLIF,CASSIRSSYEQYF,TRUE
donor1,CAGGGSQGNLIF,CASSIRSSYEQYF,TRUE
donor1,CAFMINAGGTSYGKLTF,CASSIGSYGYTF,TRUE
donor1,CAGAGSSNTGKLIF,CASSTRSGWEQYF,TRUE
donor1,CAGAIGSSNTGKLIF,CASSIRSSYEQYF,TRUE
donor1,CAMSGDGGSQGNLIF,CASSIRAGETQYF,TRUE
donor1,CAFMINAGGTSYGKLTF,CASSQEWLAVSTDTQYF,TRUE
donor1,CAWSSNAGGTSYGKLTF,CASSIGLYGYTF,TRUE
donor1,CAENLGGGSQGNLIF,CASSTRATGELFF,TRUE
donor1,CAENIGGGSQGNLIF,CASSIRSGTEAFF,TRUE
donor1,CAADNYGGSQGNLIF,CASSIYGGAGDGYTF,TRUE
donor1,CAGGGSQGNLIF,CASSVRSSYEQYF,TRUE
donor1,CAASGGGSQGNLIF,CASSIRSQETQYF,TRUE
donor1,CAGDYGGSQGNLIF,CASSIRSSYEQYF,TRUE
donor1,CAGGGSQGNLIF,CASSIRSSYEQYF,TRUE
donor1,CAGANGSSNTGKLIF,CASSIRSAYEQYF,TRUE
donor1,CAFMTNAGGTSYGKLTF,CATSQGAYGYTF,TRUE
donor1,CAGGGSQGNLIF,CASSIRSSYEQYF,TRUE
donor1,CAFMTNAGGTSYGKLTF,CASSIGVYGYTF,TRUE
donor1,CAGGGSQGNLIF,CASSVRSSYEQYF,TRUE
donor1,CAGASGSSNTGKLIF,CQQQRSTGGSNQPQHF,TRUE
donor1,CAGAHGSSNTGKLIF,CASSIRSAYEQYF,TRUE
donor1,CAGASGSSNTGKLIF,CQQQRSTGGSNQPQHF,TRUE
donor1,CAENIGGGSQGNLIF,CASSIRSGTEAFF,TRUE
donor1,CAGGGSSNTGKLIF,CASSIRSAYEQYF,TRUE
donor1,CAEIALQNYGGSQGNLIF,CASSQEGGLDYGYTF,TRUE
donor1,CAGAGSSNTGKLIF,CASSTRSGWEQYF,TRUE
donor1,CAFMTNAGGTSYGKLTF,CASSAGAYGYTF,TRUE
donor1,CAGGGSQGNLIF,CASSVRSSYEQYF,TRUE
donor1,CAVNAGGGSQGNLIF,CASSIRAAYEQYF,TRUE
donor1,CAVGGGGGSQGNLIF,CASSIRASYEQYF,TRUE
donor1,CAVMDGQKLLF,CQQRRPGQQETQYF,TRUE
donor1,CATDGGGGSQGNLIF,CASSGLAGLNEQFF,TRUE
donor1,CAAGGSQGNLIF,CASSIRSSYEQFF,TRUE
donor1,CAFMINAGGTSYGKLTF,CASSIGSYGYTF,TRUE
donor1,CAVTDGGSQGNLIF,CASSIRSSYEQYF,TRUE
donor1,CAGGGSQGNLIF,CASSIRSSYEQYF,TRUE
donor1,CAVRDPHQGTDKLIF,CASSVDGDTSTDTQYF,TRUE
donor1,CAVVPGNTGKLIF,CASSIRSGESRAFF,TRUE
donor1,CAGGGSQGNLIF,CASSIRSSYEQYF,TRUE
donor1,CALDSNAGGTSYGKLTF,CASSTGAWGYTF,TRUE
donor1,CAGGGSQGNLIF,CASSIRSSYEQYF,TRUE
donor1,CAADNYGGSQGNLIF,CASSIYGGAGDGYTF,TRUE
donor1,CAADNYGGSQGNLIF,CASSIYGGAGDGYTF,TRUE
donor1,CAGGGSQGNLIF,CASSIRSSYEQYF,TRUE
donor1,CAGGGSQGNLIF,CASSIRSSYEQYF,TRUE
donor1,CAGPYNQGGKLIF,CASSIRSTETQYF,TRUE
donor1,CAGGGSQGNLIF,CASSLRDGSEAFF,TRUE
donor1,CAGGGSQGNLIF,CASSIRSAYEQYF,TRUE
donor1,CAGGGSQGNLIF,CSARDLTAGSYEQYF,TRUE
donor1,CAFMKGAGGTSYGKLTF,CASSWGAYGYTF,TRUE
donor1,CAGGGSQGNLIF,CASSVRSSYEQYF,TRUE
donor1,CATDGGGGSQGNLIF,CASSGLAGLNEQFF,TRUE
donor1,CAGEKETSGSRLTF,CASSIRSSYEQYF,TRUE
donor1,CAVRDPHQGTDKLIF,CASSVDGDTSTDTQYF,TRUE
donor1,CAFMIGSGGTSYGKLTF,CASSIGAYGYTF,TRUE
donor1,CAYSLSAGGTSYGKLTF,CASSIGVYGYTF,TRUE
donor1,CAVTDGGSQGNLIF,CASSIRSSYEQYF,TRUE
donor1,CAVAILTGGGNKLTF,CASKPGQGGYEQYF,TRUE
donor1,CAASDVDYKLSF,CASSIRSSYEQYF,TRUE
donor1,CAVSGSQGNLIF,CASSIRSSYEQYF,TRUE
donor1,CAFMTNAGGTSYGKLTF,CASSQGSYGYTF,TRUE
donor1,CAENMGGGSQGNLIF,CASSIRSGNEQYF,TRUE
donor1,CAFMTNAGGTSYGKLTF,CASSQGAYGYTF,TRUE
donor1,CAGPGSQGNLIF,CASSIRSSYEQYF,TRUE
donor1,CAGGGSQGNLIF,CASSIRSSYEQYF,TRUE
donor1,CAFMQNAGGTSYGKLTF,CASSMGAYGYTF,TRUE
donor1,CAGPPPNAGKSTF,CASSMRSAYEQYF,TRUE
donor1,CAVGGGGGSQGNLIF,CASSIRASYEQYF,TRUE
donor1,CAGAIGSSNTGKLIF,CASSIRSSYEQYF,TRUE
donor1,CALMGNAGGTSYGKLTF,CASSQGNYGYTF,TRUE
donor1,CAGGGSQGNLIF,CASSTRSAYEQYF,TRUE
donor1,CASGGSQGNLIF,CASSVRSSYEQYF,TRUE
donor1,CAGGGSQGNLIF,CASSIRSSYEQYF,TRUE
donor1,CAFMINAGGTSYGKLTF,CASSIGAYGYTF,TRUE
donor1,CAGGNYGGSQGNLIF,CASSIRSDEKLFF,TRUE
donor1,CAARPSF,CASSIRSSYEQYF,TRUE
donor1,CAVRDPHQGTDKLIF,CASSVDGDTSTDTQYF,TRUE
donor1,CAENLGGGSQGNLIF,CASSTRATGELFF,TRUE
donor1,CAFMKGAGGTSYGKLTF,CASSWGAYGYTF,TRUE
donor1,CAVVPGNTGKLIF,CASSIRSGESRAFF,TRUE
donor1,CAFMTNAGGTSYGKLTF,CASSQGSYGYTF,TRUE
donor1,CAVTDGGSQGNLIF,CASSIRSSYEQYF,TRUE
donor1,CAGGGSQGNLIF,CASSIRSSYEQYF,TRUE
donor1,CAYRTKETSGSRLTF,CASSIGSYGYTF,TRUE
donor1,CAFMTNAGGTSYGKLTF,CASSQGAYGYTF,TRUE
donor1,CAADNYGGSQGNLIF,CASSGLNEQFF,TRUE
donor1,CAGASGSSNTGKLIF,CASSIRSSYEQYF,TRUE
donor1,CAGGGSQGNLIF,CASSVRSSYEQYF,TRUE
donor1,CAGGGSQGNLIF,CASSIRSSYEQYF,TRUE
donor1,CAGGGSQGNLIF,CASSIRSSYEQYF,TRUE
donor1,CAGDYGGSQGNLIF,CASSIRSSYEQYF,TRUE
donor1,CAFMINAGGTSYGKLTF,CASSIGAYGYTF,TRUE
donor1,CAVNQGGGSQGNLIF,CASSIRSADTQYF,TRUE
donor1,CAGGGSQGNLIF,CASSIRSSYEQYF,TRUE
donor1,CAFMIGAGGTSYGKLTF,CASSTGSYGYTF,TRUE
donor1,CAADNYGGSQGNLIF,CASSIYGGAGDGYTF,TRUE
donor1,CALSDNEDSTLTF,CASSPLAVTYNEQFF,TRUE
donor1,CAGAHGSSNTGKLIF,CASSIRSAYEQYF,TRUE
donor1,CAVTPSNTGKLIF,CASSTRAGGVGQFF,TRUE
donor1,CAVTPSNTGKLIF,CASSTRAGGVGQFF,TRUE
donor1,CAADNYGGSQGNLIF,CASSSWTSGGRVYEQFF,TRUE
donor1,CAVNEGGGSQGNLIF,CASSTRAAYEQYF,TRUE
donor1,CAGGGSQGNLIF,CASSIRSSYEQYF,TRUE
donor1,CAGGGSQGNLIF,CASSIRSSYEQYF,TRUE
donor1,CAVTDGGSQGNLIF,CASSIRSSYEQYF,TRUE
donor1,CAGDYGGSQGNLIF,CASSIRSSYEQYF,TRUE
donor1,CAFMTNAGGTSYGKLTF,CASSIGVYGYTF,TRUE
donor1,CAFMKGAGGTSYGKLTF,CASSWGAYGYTF,TRUE
donor1,CAENLGGGSQGNLIF,CASSLGVAGTNTGELFF,TRUE
donor1,CAVNLGGGSQGNLIF,CASSIRSTYEQYF,TRUE
donor1,CAGPTHNMNYGGSQGNLIF,CASSYYSNQPQHF,TRUE
donor1,CAGAHGSSNTGKLIF,CASSIRSAYEQYF,TRUE
donor1,CAGAKGGGSQGNLIF,CASSIRSSYEQYF,TRUE
donor1,CAVRDGTGANNLFF,CASNPSSTDTQYF,TRUE
donor1,CAVRDPHQGTDKLIF,CASSVDGDTSTDTQYF,TRUE
donor1,CAFMKGAGGTSYGKLTF,CASSWGAYGYTF,TRUE
donor1,CAGGGSQGNLIF,CASSIRSSYEQYF,TRUE
donor1,CAFMINAGGTSYGKLTF,CASSIGSYGYTF,TRUE
donor1,CAADNYGGSQGNLIF,CASSIYGGAGDGYTF,TRUE
donor1,CAGGGSQGNLIF,CASSIRSAYEQYF,TRUE
donor1,CAGGGSQGNLIF,CASSWGGGSHYGYTF,TRUE
donor1,CAGGGSQGNLIF,CASSIRSSYEQYF,TRUE
donor1,CAADNYGGSQGNLIF,CASSIYGGAGDGYTF,TRUE
donor1,CAADNYGGSQGNLIF,CASSIYGGAGDGYTF,TRUE
donor1,CAGGGSQGNLIF,CASSIRSAYEQYF,TRUE
donor1,CAALELNYGQNFVF,CASSTGRNYGYTF,TRUE
donor1,CAGGGSQGNLIF,CASSIRSSYEQYF,TRUE
donor1,CAVGGSQGNLIF,CASSIRSSYEQYF,TRUE
donor1,CAGGGSQGNLIF,CASSIRSSYEQYF,TRUE
donor1,CAGAGGGSQGNLIF,CASSGRSTGELFF,TRUE
donor1,CAVRDPHQGTDKLIF,CASSVDGDTSTDTQYF,TRUE
donor1,CAGGGSQGNLIF,CASSIRSSYEQYF,TRUE
donor1,CAGGGEGGSQGNLIF,CASSTRSSYEQYF,TRUE
donor1,CAVTDGGSQGNLIF,CASSIRSSYEQYF,TRUE
donor1,CAGANGSSNTGKLIF,CASSIRSAYEQYF,TRUE
donor1,CAGGGSQGNLIF,CASSIRSSYEQYF,TRUE
donor1,CAGAIGSSNTGKLIF,CASSIRSSYEQYF,TRUE
donor1,CAFMKGAGGTSYGKLTF,CASSIRSSYEQYF,TRUE
donor1,CAGGGSQGNLIF,CASSIRSSYEQYF,TRUE
donor1,CAVRDGTGANNLFF,CASAGTGVEKLFF,TRUE
donor1,CAVGGGGGSQGNLIF,CASSIRASYEQYF,TRUE
donor1,CAADNYGGSQGNLIF,CASSIYGGAGDGYTF,TRUE
donor1,CAGGGSQGNLIF,CASSVRSSYEQYF,TRUE
donor1,CAADNYGGSQGNLIF,CASSIYGGAGDGYTF,TRUE
donor1,CAATLTGNQFYF,CASSQDWGQPNTEAFF,TRUE
donor1,CAGAHGSSNTGKLIF,CASSIRSAYEQYF,TRUE
donor1,CAGAYGGSQGNLIF,CASSGRSTGELFF,TRUE
donor1,CAVGGGGGSQGNLIF,CASSSRSGTEQFF,TRUE
donor1,CAVSGSQGNLIF,CASSIRSSYEQYF,TRUE
donor1,CAGGGSQGNLIF,CASSIRSSYEQYF,TRUE
donor1,CAGGGSQGNLIF,CASSIRSSYEQYF,TRUE
donor1,CAENMGGGSQGNLIF,CASSDRSGNTIYF,TRUE
donor1,CAGTYGGSQGNLIF,CASSGRSSQPQHF,TRUE
donor1,CAVGGGGGSQGNLIF,CASSIRASYEQYF,TRUE
donor1,CAGGGSQGNLIF,CASSIRSSYEQYF,TRUE
donor1,CAGGGSQGNLIF,CASSIRSSYEQYF,TRUE
donor1,CAFMINAGGTSYGKLTF,CASSIGSYGYTF,TRUE
donor1,CAFMKGAGGTSYGKLTF,CASSWGAYGYTF,TRUE
donor1,CAGGGSSNTGKLIF,CASSIRSSYEQYF,TRUE
donor1,CAADNYGGSQGNLIF,CASSIYGGAGDGYTF,TRUE
donor1,CAGPDNYGQNFVF,CASSLVVTSGFNEQFF,TRUE
donor1,CAGGGSQGNLIF,CASSIRSSYEQYF,TRUE
donor1,CAVTDGGSQGNLIF,CASSIRSSYEQYF,TRUE
donor1,CAGPGSQGNLIF,CASSIRSSYEQYF,TRUE
donor1,CAVNEGGGSQGNLIF,CASSTRAAYEQYF,TRUE
donor1,CAVRDPHQGTDKLIF,CASSVDGDTSTDTQYF,TRUE
donor1,CAGGGSQGNLIF,CASSVRSSYEQYF,TRUE
donor1,CAGGGSQGNLIF,CASSIRSSYEQYF,TRUE
donor1,CAGGGSQGNLIF,CASSVRSSYEQYF,TRUE
donor1,CAGGGSQGNLIF,CASSIRSSYEQYF,TRUE
donor1,CAGGGSQGNLIF,CASSIRSSYEQYF,TRUE
donor1,CAENLGGGSQGNLIF,CASSTRATGELFF,TRUE
donor1,CAFMTNAGGTSYGKLTF,CASSQGAYGYTF,TRUE
donor1,CAVAVGVSGGGADGLTF,CASSQGAYGYTF,TRUE
donor1,CAENLGGGSQGNLIF,CASSTRATGELFF,TRUE
donor1,CAFMTNAGGTSYGKLTF,CASSQGAYGYTF,TRUE
donor1,CAGGGSSNTGKLIF,CASSIRSSYEQYF,TRUE
donor1,CAGGGSQGNLIF,CASSIRSSYEQYF,TRUE
donor1,CALPSGGYQKVTF,CASSFGQGAEKLFF,TRUE
donor1,CAVTDGGSQGNLIF,CASSIRSSYEQYF,TRUE
donor1,CAFMKDAGGTSYGKLTF,CASSIGSYGYTF,TRUE
donor1,CAGGGSQGNLIF,CASSIRSSYEQYF,TRUE
donor1,CAGGGSQGNLIF,CASSIRSSYEQYF,TRUE
donor1,CAASGGGSQGNLIF,CASSIRSQETQYF,TRUE
donor1,CAGGGSQGNLIF,CASSIRSSYEQYF,TRUE
donor1,CALNYGGSQGNLIF,CASSVRSSYEQYF,TRUE
donor1,CAGGGSQGNLIF,CASSIRSSYEQYF,TRUE
donor1,CAGGGSQGNLIF,CASSIRSSYEQYF,TRUE
donor1,CAEQGSQGNLIF,CASSGRSGETQYF,TRUE
donor1,CAGGGSQGNLIF,CASSIRSSYEQYF,TRUE
donor1,CAGGGSQGNLIF,CASSIRSSYEQYF,TRUE
donor1,CAVTDGGSQGNLIF,CASSIRSSYEQYF,TRUE
donor1,CAASGGGSQGNLIF,CASSIRSQETQYF,TRUE
donor1,CAFMINAGGTSYGKLTF,CASSIGSYGYTF,TRUE
donor1,CAGASGGGSQGNLIF,CASSIRSGYEQFF,TRUE
donor1,CAGGGSQGNLIF,CASSIRSSYEQYF,TRUE
donor1,CAGGGSQGNLIF,CASSVRSSYEQYF,TRUE
donor1,CAGGGSQGNLIF,CASSVRSSYEQYF,TRUE
donor1,CAFMTNAGGTSYGKLTF,CASSIGVYGYTF,TRUE
donor1,CALPSGGYQKVTF,CASSFGQGAEKLFF,TRUE
donor1,CAGGGSQGNLIF,CASSIRSSYEQYF,TRUE
donor1,CAVTPSNTGKLIF,CASSTRAGGVGQFF,TRUE
donor1,CAFMKDAGGTSYGKLTF,CASSIGSYGYTF,TRUE
donor1,CAASGGGSQGNLIF,CASSIRSQETQYF,TRUE
donor1,CAVTDGGSQGNLIF,CASSIRSSYEQYF,TRUE
donor1,CAGAHGSSNTGKLIF,CASSIRSAYEQYF,TRUE
donor1,CAFMTNAGGTSYGKLTF,CASSIGVYGYTF,TRUE
donor1,CAVVPGNTGKLIF,CASSIRSGESRAFF,TRUE
donor1,CAWSSNAGGTSYGKLTF,CASSIGLYGYTF,TRUE
donor1,CAFMTNAGGTSYGKLTF,CASSIGVYGYTF,TRUE
donor1,CAFMINAGGTSYGKLTF,CASSIGSYGYTF,TRUE
donor1,CAGGGSQGNLIF,CASSVRSSYEQYF,TRUE
donor1,CAVADMEYGNKLVF,CASSTGTLYGYTF,TRUE
donor1,CAGAHGSSNTGKLIF,CASSMDRGSADTQYF,TRUE
donor1,CAFMINAGGTSYGKLTF,CASSIGSYGYTF,TRUE
donor1,CAASGGGSQGNLIF,CASSIRSQETQYF,TRUE
donor1,CAGDYGGSQGNLIF,CASSIRSSYEQYF,TRUE
donor1,CAENLGGGSQGNLIF,CASSTRATGELFF,TRUE
donor1,CAGDYGGSQGNLIF,CASSIRSSYEQYF,TRUE
donor1,CAGAGSQGNLIF,CASSTRSSYEQYF,TRUE
donor1,CATDGGGGSQGNLIF,CASSGLAGLNEQFF,TRUE
donor1,CAGGGSQGNLIF,CASSIRSSYEQYF,TRUE
donor1,CAGDYGGSQGNLIF,CASSIRSSYEQYF,TRUE
donor1,CAVNAGGGSQGNLIF,CASSVRSSYEQYF,TRUE
donor1,CAGAEGSGNTGKLIF,CASSIRSAYEQYF,TRUE
donor1,CAGGGSQGNLIF,CASSIRSAYEQYF,TRUE
donor1,CAASGGGSQGNLIF,CASSIRSQETQYF,TRUE
donor1,CAAKGSSNTGKLIF,CASSIRSSYEQYF,TRUE
donor1,CAGGGSQGNLIF,CASSVRSSYEQYF,TRUE
donor1,CAGGGSQGNLIF,CASSIRSSYEQYF,TRUE
donor1,CAASTDSWGKLQF,CASSIRGAYEQYF,TRUE
donor1,CAGGGSQGNLIF,CASSIRSSYEQYF,TRUE
donor1,CAGGGSQGNLIF,CASSIRSSYEQYF,TRUE
donor1,CAGGGSQGNLIF,CASSIRSSYEQYF,TRUE
donor1,CIVRVANTDKLIF,CASSSFSANEKLFF,TRUE
donor1,CAGGGSQGNLIF,CASSIRSSYEQYF,TRUE
donor1,CAGGGSQGNLIF,CASSVRSSYEQYF,TRUE
donor1,CAGAGGGSQGNLIF,CASSGRSTDTQYF,TRUE
donor1,CAFMTNAGGTSYGKLTF,CASSIGVYGYTF,TRUE
donor1,CAVKYPSGTYKYIF,CASNDRGNGYTF,TRUE
donor1,CAADNYGGSQGNLIF,CASSIYGGAGDGYTF,TRUE
donor1,CAASETSYDKVIF,CASSIRSSYEQYF,TRUE
donor1,CAGGGQGGSQGNLIF,CASSIYSNQPQHF,TRUE
donor1,CAGAQGSSNTGKLIF,CASSIRSAYEQYF,TRUE
donor1,CAVNLGGGSQGNLIF,CASSARSGEPQHF,TRUE
donor1,CAGGGSQGNLIF,CASSIRSSYEQYF,TRUE
donor1,CAGGGSQGNLIF,CASSIRSSYEQYF,TRUE
donor1,CAVVLGSGNTGKLIF,CASSIRSAYEQYF,TRUE
donor1,CAVTDGGSQGNLIF,CASSIRSSYEQYF,TRUE
donor1,CAVTDGGSQGNLIF,CASSIRSSYEQYF,TRUE
donor1,CAGGGSQGNLIF,CASSIRSSYEQYF,TRUE
donor1,CAGAVGSSNTGKLIF,CASSIRSAYEQYF,TRUE
donor1,CAVTPSNTGKLIF,CASSTRAGGVGQFF,TRUE
donor1,CAVNEGGGSQGNLIF,CASSTRAAYEQYF,TRUE
donor1,CAAGGSQGNLIF,CASSIRSSYEQYF,TRUE
donor1,CAMSVNAGGTSYGKLTF,CASSIGLYGYTF,TRUE
donor1,CAASGGGSQGNLIF,CASSIRSQETQYF,TRUE
donor1,CAVGGGGGSQGNLIF,CASSSRSGTEQFF,TRUE
donor1,CAGGGSQGNLIF,CASSIRSAYEQYF,TRUE
donor1,CAGGGSQGNLIF,CASSVRSSYEQYF,TRUE
donor1,CAGAHGSSNTGKLIF,CASSIRSAYEQYF,TRUE
donor1,CAVTDGGSQGNLIF,CASSIRSSYEQYF,TRUE
donor1,CAGGGSQGNLIF,CASSIRSSYEQYF,TRUE
donor1,CAGGGSQGNLIF,CASSIRSSYEQYF,TRUE
donor1,CAVRDGTGANNLFF,CASAGTGVEKLFF,TRUE
donor1,CAGGGSQGNLIF,CASSIRSSYEQYF,TRUE
donor1,CAFMKDAGGTSYGKLTF,CASSIGSYGYTF,TRUE
donor1,CAVGGGGGSQGNLIF,CASSIRASYEQYF,TRUE
donor1,CAVRDGTGANNLFF,CASSGTSVHEQYF,TRUE
donor1,CAGGGSQGNLIF,CASSIRSSYEQYF,TRUE
donor1,CAVTDGGSQGNLIF,CASSIRSSYEQYF,TRUE
donor1,CAGGGSQGNLIF,CASSVRSSYEQYF,TRUE
donor1,CAGGGSQGNLIF,CASSIRSSYEQYF,TRUE
donor1,CAFMKGAGGTSYGKLTF,CASSWGAYGYTF,TRUE
donor1,CAGGGSQGNLIF,CASSIMALGRSEAFF,TRUE
donor1,CAASGGGSQGNLIF,CASSIRSQETQYF,TRUE
donor1,CAASEGSSNTGKLIF,CASSIRSGETQYF,TRUE
donor1,CAGDYGGSQGNLIF,CASSIRSSYEQYF,TRUE
donor1,CAADNYGGSQGNLIF,CASSIYGGAGDGYTF,TRUE
donor1,CAVTDGGSQGNLIF,CASSIRSSYEQYF,TRUE
donor1,CAFMKGAGGTSYGKLTF,CASSWGAYGYTF,TRUE
donor1,CAGDYGGSQGNLIF,CASSIRSSYEQYF,TRUE
donor1,CAFMTNAGGTSYGKLTF,CASSQGAYGYTF,TRUE
donor1,CAVRETGANNLFF,CASRTGGFEAFF,TRUE
donor1,CAVRDPHQGTDKLIF,CASSVDGDTSTDTQYF,TRUE
donor1,CAVTPSNTGKLIF,CASSTRAGGVGQFF,TRUE
donor1,CAGAGGGSQGNLIF,CASSGRSTGELFF,TRUE
donor1,CAGAVGSSNTGKLIF,CASSIRSAYEQYF,TRUE
donor1,CAVGGGGGSQGNLIF,CASSIRASYEQYF,TRUE
donor1,CALTYGGSQGNLIF,CASSLRAGIEQYF,TRUE
donor1,CAGGGSQGNLIF,CASSVRSSYEQYF,TRUE
donor1,CAFMINAGGTSYGKLTF,CASSIGSYGYTF,TRUE
donor1,CAGASGGSQGNLIF,CASSGRSTGELFF,TRUE
donor1,CAVGGGGGSQGNLIF,CASSIRASYEQYF,TRUE
donor1,CAGAVGSSNTGKLIF,CASSIRSAYEQYF,TRUE
donor1,CASGGSQGNLIF,CASSIRSSYEQYF,TRUE
donor1,CAGAEGSSNTGKLIF,CASSIRSAYEQYF,TRUE
donor1,CAFMINAGGTSYGKLTF,CASSIGSYGYTF,TRUE
donor1,CAGGGSQGNLIF,CASSIRSSYEQYF,TRUE
donor1,CGTADGGSQGNLIF,CASSIRSDDIQYF,TRUE
donor1,CAGAVGSSNTGKLIF,CASSIRSAYEQYF,TRUE
donor1,CAGGGSQGNLIF,CASSIRSSYEQYF,TRUE
donor1,CASGGSQGNLIF,CASSKARSLGNRGNEQFF,TRUE
donor1,CAFMINAGGTSYGKLTF,CASSIGSYGYTF,TRUE
donor1,CAVVEGGGSQGNLIF,CASSIRSSYEQYF,TRUE
donor1,CAADNYGGSQGNLIF,CASSIYGGAGDGYTF,TRUE
donor1,CAGAHGSSNTGKLIF,CASSIRSAYEQYF,TRUE
donor1,CAGAHGSSNTGKLIF,CASSIRSAYEQYF,TRUE
donor1,CAVRDPHQGTDKLIF,CASSVDGDTSTDTQYF,TRUE
donor1,CAGGGSQGNLIF,CASSIRSSYEQYF,TRUE
donor1,CAGDYGGSQGNLIF,CASSIRSSYEQYF,TRUE
donor1,CAGGGSQGNLIF,CASSVRSSYEQYF,TRUE
donor1,CAMSGDGGSQGNLIF,CASSIRAGETQYF,TRUE
donor1,CAGAGSQGNLIF,CASSTRSSYEQYF,TRUE
donor1,CAGAHGSSNTGKLIF,CASSIRSAYEQYF,TRUE
donor1,CAGASGGSQGNLIF,CASSGRSTGELFF,TRUE
donor1,CAGGGSQGNLIF,CASSIRSSYEQYF,TRUE
donor1,CAVGGGGGSQGNLIF,CASSIRASYEQYF,TRUE
donor1,CAGGGSQGNLIF,CASSIRSSYEQYF,TRUE
donor1,CAMRPLGMDSNYQLIW,CASSTHGADEQYF,TRUE
donor1,CAGGGSQGNLIF,CASSIRSSYEQYF,TRUE
donor1,CAVGAGGGSQGNLIF,CASSMRASVEQFF,TRUE
donor1,CAGDGGGGSQGNLIF,CASSIRSLDTQYF,TRUE
donor1,CAVGGDGGSQGNLIF,CASSIRSSYEQYF,TRUE
donor1,CAGGGSQGNLIF,CASSIRSSYEQYF,TRUE
donor1,CAADNYGGSQGNLIF,CASSIYGGAGDGYTF,TRUE
donor1,CAFMINAGGTSYGKLTF,CASSIGSYGYTF,TRUE
donor1,CAFMKGAGGTSYGKLTF,CASSWGAYGYTF,TRUE
donor1,CAVTDGGSQGNLIF,CASSIRSSYEQYF,TRUE
donor1,CVGYTNAGKSTF,CASSIRASYEQYF,TRUE
donor1,CAGGGSQGNLIF,CASSIRSSYEQYF,TRUE
donor1,CAGDYGGSQGNLIF,CASSIRSSYEQYF,TRUE
donor1,CAFMKGAGGTSYGKLTF,CASSWGAYGYTF,TRUE
donor1,CAFMIGSGGTSYGKLTF,CASSIGAYGYTF,TRUE
donor1,CAGGGSQGNLIF,CASSVRSSYEQYF,TRUE
donor1,CAGGGSQGNLIF,CASSIRSSYEQYF,TRUE
donor1,CAADNYGGSQGNLIF,CASSIYGGAGDGYTF,TRUE
donor1,CAGAVGSSNTGKLIF,CASSIRSAYEQYF,TRUE
donor1,CAGAVGSSNTGKLIF,CASSIRSAYEQYF,TRUE
donor1,CAFMTNAGGTSYGKLTF,CASSQGAYGYTF,TRUE
donor1,CAFMINAGGTSYGKLTF,CASSIGSYGYTF,TRUE
donor1,CAVVPGNTGKLIF,CASSIRSGESRAFF,TRUE
donor1,CAGASGGGSQGNLIF,CASSIRSGYEQFF,TRUE
donor1,CAMSGDGGSQGNLIF,CASSIRAGETQYF,TRUE
donor1,CAVRDPHQGTDKLIF,CASSVDGDTSTDTQYF,TRUE
donor1,CAVGGGGGSQGNLIF,CASSIRASYEQYF,TRUE
donor1,CAVTDGGSQGNLIF,CASSIRSSYEQYF,TRUE
donor1,CAVQGSQGNLIF,CASSIRSSYEQYF,TRUE
donor1,CAVNKGGGSQGNLIF,CASSMRASYEQYF,TRUE
donor1,CAGGGGGSQGNLIF,CASSTSGANQPQHF,TRUE
donor1,CAFMTNAGGTSYGKLTF,CASSIGVYGYTF,TRUE
donor1,CALTDYSGAGSYQLTF,CASSIRSGTEAFF,TRUE
donor1,CAVTDGGSQGNLIF,CASSIRSSYEQYF,TRUE
donor1,CAENLGGGSQGNLIF,CASSIRAASYNEQFF,TRUE
donor1,CAFMKGAGGTSYGKLTF,CASSWGAYGYTF,TRUE
donor1,CAGGGSQGNLIF,CASSIRSSYEQYF,TRUE
donor1,CAGGGSQGNLIF,CASSIRSSYEQYF,TRUE
donor1,CAGGGSGNTGKLIF,CASSIRSAYEQYF,TRUE
donor1,CAVTDGGSQGNLIF,CASSIRSSYEQYF,TRUE
donor1,CAGGGSQGNLIF,CASSIRSSYEQYF,TRUE
donor1,CALMGNAGGTSYGKLTF,CASSQGNYGYTF,TRUE
donor1,CAADNYGGSQGNLIF,CASSIYGGAGDGYTF,TRUE
donor1,CALDRAGNNRKLIW,CASSIRSSYEQYF,TRUE
donor1,CAFMTNAGGTSYGKLTF,CASSQGAYGYTF,TRUE
donor1,CAGGGSQGNLIF,CASSIRSSYEQYF,TRUE
donor1,CATDGSSGGSNYKLTF,CASSIGLYGYTF,TRUE
donor1,CAVTDGGSQGNLIF,CASSIRSSYEQYF,TRUE
donor1,CAGGGSQGNLIF,CASSIRSSYEQYF,TRUE
donor1,CAFMINAGGTSYGKLTF,CASSIGSYGYTF,TRUE
donor1,CAVVPGNTGKLIF,CASSIRSGESRAFF,TRUE
donor1,CAGAMGGGSQGNLIF,CASSIRASYEQYF,TRUE
donor1,CAGAGSSNTGKLIF,CASSTRSGWEQYF,TRUE
donor1,CAYSLSAGGTSYGKLTF,CASSIGVYGYTF,TRUE
donor1,CALPSGGYQKVTF,CASSFGQGAEKLFF,TRUE
donor1,CAYTPNAGGTSYGKLTF,CASSIGIYGYTF,TRUE
donor1,CAGQGVPAGGNTGKLIF,CASSIVSTDTQYF,TRUE
donor1,CAGGGSQGNLIF,CASSIRSAYEQYF,TRUE
donor1,CAVNAGGGSQGNLIF,CASSVRSSYEQYF,TRUE
donor1,CAGGGSQGNLIF,CASSVRSSYEQYF,TRUE
donor1,CAFMKDAGGTSYGKLTF,CASSIGVYGYTF,TRUE
donor1,CAFMLDAGGTSYGKLTF,CASSIGYYGYTF,TRUE
donor1,CAGGGSQGNLIF,CASSVRSSYEQYF,TRUE
donor1,CAMSGDGGSQGNLIF,CASSIRAGETQYF,TRUE
donor1,CAGSNTNAGKSTF,CASSIRSSYEQYF,TRUE
donor1,CAVNAGGGSQGNLIF,CASSVRSSYEQYF,TRUE
donor1,CAGNYGGSQGNLIF,CASSTRSTGELFF,TRUE
donor1,CAGAMGGGSQGNLIF,CASSIRASYEQYF,TRUE
donor1,CAVPGGGGSQGNLIF,CASSMRSTNEQFF,TRUE
donor1,CALPSGGYQKVTF,CASSFGQGAEKLFF,TRUE
donor1,CAAGGSQGNLIF,CASSIRSAYEQYF,TRUE
donor1,CAVTDGGSQGNLIF,CASSIRSSYEQYF,TRUE
donor1,CAGGGSQGNLIF,CASSIRSSYEQYF,TRUE
donor1,CAASGGGSQGNLIF,CASSIRSQETQYF,TRUE
donor1,CAGAHGSSNTGKLIF,CASSIRSAYEQYF,TRUE
donor1,CIVRVANTDKLIF,CASSLGFTDTQYF,TRUE
donor1,CAGGGSQGNLIF,CASSIRSSYEQYF,TRUE
donor1,CAVTDGGSQGNLIF,CASSIRSSYEQYF,TRUE
donor1,CAGAVGSSNTGKLIF,CASSIRSAYEQYF,TRUE
donor1,CAGGGSQGNLIF,CASSIRSSYEQYF,TRUE
donor1,CAFMTNAGGTSYGKLTF,CASSQGAYGYTF,TRUE
donor1,CAMSGDGGSQGNLIF,CASSIRAGETQYF,TRUE
donor1,CAFMINAGGTSYGKLTF,CASSIGSYGYTF,TRUE
donor1,CAGGGSQGNLIF,CASSIRSSYEQYF,TRUE
donor1,CAVTDGGSQGNLIF,CASSIRSSYEQYF,TRUE
donor1,CALPSGGYQKVTF,CASSFGQGAEKLFF,TRUE
donor1,CATDGGGGSQGNLIF,CASSGLAGLNEQFF,TRUE
donor1,CAGAAGSSNTGKLIF,CASSTRSAYEQYF,TRUE
donor1,CAFMIGSGGTSYGKLTF,CASSIGAYGYTF,TRUE
donor1,CAFMTNAGGTSYGKLTF,CASSIGVYGYTF,TRUE
donor1,CAVRDGTGANNLFF,CASTTVQGGYTF,TRUE
donor1,CAGADGGGSQGNLIF,CASSIRSGYEQYF,TRUE
donor1,CAGSNTNAGKSTF,CASSIRSSYEQYF,TRUE
donor1,CAGAYGGSQGNLIF,CASSGRSTGELFF,TRUE
donor1,CAVGGGGGSQGNLIF,CASSIRASYEQYF,TRUE
donor1,CAVSDGESARLMF,CASSYRVDSNQPQHF,TRUE
donor1,CAVGGGGGSQGNLIF,CASSIRASYEQYF,TRUE
donor1,CAGGGSQGNLIF,CASSIRSSYEQYF,TRUE
donor1,CAGSYGGSQGNLIF,CASSIRSTGELFF,TRUE
donor1,CAGGGSQGNLIF,CASSIRSSYEQYF,TRUE
donor1,CAENMGGGSQGNLIF,CRVGQVMVLCTF,TRUE
donor1,CAGAHGSSNTGKLIF,CASSIRSAYEQYF,TRUE
donor1,CAFMKGAGGTSYGKLTF,CASSWGAYGYTF,TRUE
donor1,CAASGGGSQGNLIF,CASSIRSQETQYF,TRUE
donor1,CALPSGGYQKVTF,CASSFGQGAEKLFF,TRUE
donor1,CAFMKGAGGTSYGKLTF,CASSWGAYGYTF,TRUE
donor1,CAGASGSSNTGKLIF,CQQQRSTGGSNQPQHF,TRUE
donor1,CAASGGGSQGNLIF,CASSIRSQETQYF,TRUE
donor1,CAVPYNQGGKLIF,CASSTLAGGQETQYF,TRUE
donor1,CIVFYNQGGKLIF,CASSTRSSYEQYF,TRUE
donor1,CAFMINAGGTSYGKLTF,CASSIRSSYEQYF,TRUE
donor1,CAGDYGGSQGNLIF,CASSIRSSYEQYF,TRUE
donor1,CAVAVGVSGGGADGLTF,CASSQGAYGYTF,TRUE
donor1,CAGAVGSSNTGKLIF,CASSIRSAYEQYF,TRUE
donor1,CAVGGGGGSQGNLIF,CASSIRASYEQYF,TRUE
donor1,CAASPTGMDSNYQLIW,CASSIHTANQPQHF,TRUE
donor1,CAVTDGGSQGNLIF,CASSIRSSYEQYF,TRUE
donor1,CAGGGSQGNLIF,CASSVRSSYEQYF,TRUE
donor1,CAVSGSQGNLIF,CASSIRSSYEQYF,TRUE
donor1,CAVTDGGSQGNLIF,CASSIRSSYEQYF,TRUE
donor1,CAFMKGAGGTSYGKLTF,CASSWGAYGYTF,TRUE
donor1,CAVNLGGGSQGNLIF,CASSARSGEPQHF,TRUE
donor1,CAGGGSQGNLIF,CASSIRSSYEQYF,TRUE
donor1,CAGDYGGSQGNLIF,CASSIRSSYEQYF,TRUE
donor1,CAVRDGTGANNLFF,CASSLGTGLAGNTDTQYF,TRUE
donor1,CAGGGSSNTGKLIF,CASSIRSSYEQYF,TRUE
donor1,CALPSGGYQKVTF,CASSFGQGAEKLFF,TRUE
donor1,CAGDYGGSQGNLIF,CASSIRSSYEQYF,TRUE
donor1,CAFMQNAGGTSYGKLTF,CASSMGAYGYTF,TRUE
donor1,CATDGGGGSQGNLIF,CASSGLAGLNEQFF,TRUE
donor1,CAVVPGNTGKLIF,CASSIRSGESRAFF,TRUE
donor1,CAVTDGGSQGNLIF,CASSIRSSYEQYF,TRUE
donor1,CALNYGGSQGNLIF,CASSVRSSYEQYF,TRUE
donor1,CAENIGGGSQGNLIF,CASSIRSGTEAFF,TRUE
donor1,CASAGSGNTGKLIF,CASSIRSAWEQFF,TRUE
donor1,CAGGGSQGNLIF,CASSVRSSYEQYF,TRUE
donor1,CAGGGSQGNLIF,CASSIRSSYEQYF,TRUE
donor1,CAFMTNAGGTSYGKLTF,CATSQGAYGYTF,TRUE
donor1,CATDGGGGSQGNLIF,CASSGLAGLNEQFF,TRUE
donor1,CASSNDYKLSF,CASSQEEGADTEAFF,TRUE
donor1,CAGGGSQGNLIF,CASSTRSTDTQYF,TRUE
donor1,CAGASGSSNTGKLIF,CASSIRSSYEQYF,TRUE
donor1,CAFMKGAGGTSYGKLTF,CASSWGAYGYTF,TRUE
donor1,CAYRISLNNNDMRF,CASSVHGGANTEAFF,TRUE
donor1,CAVTDGGSQGNLIF,CASSIRSSYEQYF,TRUE
donor1,CAGASGSSNTGKLIF,CASSTRSAYEQYF,TRUE
donor1,CAVRDGTGANNLFF,CASNPSSTDTQYF,TRUE
donor1,CAFMKGAGGTSYGKLTF,CASSWGAYGYTF,TRUE
donor1,CAGAVGSSNTGKLIF,CASSIRSAYEQYF,TRUE
donor1,CAVSGSQGNLIF,CASSIRSSYEQYF,TRUE
donor1,CAGGGSQGNLIF,CASSTRSAYEQYF,TRUE
donor1,CAGAFGSSNTGKLIF,CASSIRSSYEQFF,TRUE
donor1,CAMSGDGGSQGNLIF,CASSIRAGETQYF,TRUE
donor1,CAGASGSSNTGKLIF,CQQQRSTGGSNQPQHF,TRUE
donor1,CAFMINAGGTSYGKLTF,CASSIGSYGYTF,TRUE
donor1,CAVVPGNTGKLIF,CASSIRSGESRAFF,TRUE
donor1,CAADNYGGSQGNLIF,CASSIYGGAGDGYTF,TRUE
donor1,CAGGGSQGNLIF,CASSDRSGTEQYF,TRUE
donor1,CIVRVANTDKLIF,CASSSFSANEKLFF,TRUE
donor1,CAGGGSQGNLIF,CASSIRSAYEQYF,TRUE
donor1,CAVAVGVSGGGADGLTF,CASSQGAYGYTF,TRUE
donor1,CAGGGSQGNLIF,CASSVRSSYEQYF,TRUE
donor1,CAGAHGSSNTGKLIF,CASSIRSAYEQYF,TRUE
donor1,CALPSGGYQKVTF,CASSFGQGAEKLFF,TRUE
donor1,CAGGGSGNTGKLIF,CASSIRSAYEQYF,TRUE
donor1,CAGASGSSNTGKLIF,CQQQRSTGGSNQPQHF,TRUE
donor1,CAANNQGGKLIF,CASSGRSGETQYF,TRUE
donor1,CAGGGSQGNLIF,CASSIRSSYEQYF,TRUE
donor1,CAGAGSQGNLIF,CASSIRSSYEQYF,TRUE
donor1,CAGGGSQGNLIF,CASSVRSSYEQYF,TRUE
donor1,CAANYGGSQGNLIF,CASSGRSTGELFF,TRUE
donor1,CAGGGSQGNLIF,CASSIRSSYEQYF,TRUE
donor1,CAGAKGGGSQGNLIF,CASSIRSSYEQYF,TRUE
donor1,CAGAVGSSNTGKLIF,CASSIRSAYEQYF,TRUE
donor1,CAGGGSQGNLIF,CASSIRSSYEQYF,TRUE
donor1,CAATGTSYDKVIF,CASSYHSNQPQHF,TRUE
donor1,CAGDYGGSQGNLIF,CASSIRSSYEQYF,TRUE
donor1,CAVRDGTGANNLFF,CASNPSSTDTQYF,TRUE
donor1,CAASGGGSQGNLIF,CASSIRSQETQYF,TRUE
donor1,CAGGGSQGNLIF,CASSIRSSYEQYF,TRUE
donor1,CAGGGSQGNLIF,CASSIRSSYEQYF,TRUE
donor1,CAADNYGGSQGNLIF,CASSIYGGAGDGYTF,TRUE
donor1,CAFMKDAGGTSYGKLTF,CASSIGSYGYTF,TRUE
donor1,CAFMQNAGGTSYGKLTF,CASSMGAYGYTF,TRUE
donor1,CAGNYGGSQGNLIF,CASSVRSTGELFF,TRUE
donor1,CAASGGGSQGNLIF,CASSIRSQETQYF,TRUE
donor1,CAFMKGAGGTSYGKLTF,CASSWGAYGYTF,TRUE
donor1,CAFMTNAGGTSYGKLTF,CASSQGAYGYTF,TRUE
donor1,CAGNYGGSQGNLIF,CASSVRSTGELFF,TRUE
donor1,CAGGGSQGNLIF,CASSIRSSYEQYF,TRUE
donor1,CAGGGSQGNLIF,CASSIRSSYEQYF,TRUE
donor1,CAADNYGGSQGNLIF,CASSIYGGAGDGYTF,TRUE
donor1,CAGGGSSNTGKLIF,CASSIRSSYEQYF,TRUE
donor1,CAGAIGSSNTGKLIF,CASSIRSSYEQYF,TRUE
donor1,CAGGGSQGNLIF,CASSIRSSYEQYF,TRUE
donor1,CAVVLGSGNTGKLIF,CASSIRSAYEQYF,TRUE
donor1,CAVRADYKLSF,CASSLEGGGNTIYF,TRUE
donor1,CAASGGGSQGNLIF,CASSIRSQDTQYF,TRUE
donor1,CAFMKGAGGTSYGKLTF,CASSWGAYGYTF,TRUE
donor1,CAGAAGSSNTGKLIF,CASSIRSSYEQYF,TRUE
donor1,CAGAKGGGSQGNLIF,CASSIRSSYEQYF,TRUE
donor1,CAFMLGAGGTSYGKLTF,CASSFLTGNTEAFF,TRUE
donor1,CAADNYGGSQGNLIF,CASSIYGGAGDGYTF,TRUE
donor1,CAGGGSQGNLIF,CASSIRSAYEQYF,TRUE
donor1,CAFMTNAGGTSYGKLTF,CASSIGIYGYTF,TRUE
donor1,CAFMINAGGTSYGKLTF,CASSIGSYGYTF,TRUE
donor1,CAGGGSQGNLIF,CASSIRSSYEQYF,TRUE
donor1,CAVTDGGSQGNLIF,CASSIRSSYEQYF,TRUE
donor1,CAGGGSQGNLIF,CASSIRSSYEQYF,TRUE
donor1,CAGGGSQGNLIF,CASSIRSSYEQYF,TRUE
donor1,CAVNAGGGSQGNLIF,CASSVRSSYEQYF,TRUE
donor1,CAGASGGGSQGNLIF,CASSIRSGYEQFF,TRUE
donor1,CIVRVANTDKLIF,CASSSFSANEKLFF,TRUE
donor1,CAGGGSQGNLIF,CASSIRSAYEQYF,TRUE
donor1,CAGDYGGSQGNLIF,CASSIRSSYEQYF,TRUE
donor1,CAVTDGGSQGNLIF,CASSIRSSYEQYF,TRUE
donor1,CAVNIGGGSQGNLIF,CASSFRSSYEQYF,TRUE
donor1,CAVTDGGSQGNLIF,CASSIRSSYEQYF,TRUE
donor1,CAFMTNAGGTSYGKLTF,CASSQGAYGYTF,TRUE
donor1,CAGGGSQGNLIF,CASSVRSSYEQYF,TRUE
donor1,CAVSESNTGKLIF,CASSIRAGYTEAFF,TRUE
donor1,CALPSGGYQKVTF,CASSFGQGAEKLFF,TRUE
donor1,CALPSGGYQKVTF,CASSFGQGAEKLFF,TRUE
donor1,CAENLGGGSQGNLIF,CASSTRATGELFF,TRUE
donor1,CAVTDGGSQGNLIF,CASSIRSSYEQYF,TRUE
donor1,CAFMTNAGGTSYGKLTF,CASSQGAYGYTF,TRUE
donor1,CAGASNTGKLIF,CASSLGDNTEAFF,TRUE
donor1,CAFMTNAGGTSYGKLTF,CASSQGAYGYTF,TRUE
donor1,CAFMTNAGGTSYGKLTF,CASSQGAYGYTF,TRUE
donor1,CAGGGSQGNLIF,CASSIRSSYEQYF,TRUE
donor1,CAGGGSQGNLIF,CASSIRSSYEQYF,TRUE
donor1,CAVTDGGSQGNLIF,CASSIRSSYEQYF,TRUE
donor1,CAGAHGSSNTGKLIF,CASSIRSAYEQYF,TRUE
donor1,CAADNYGGSQGNLIF,CASSIYGGAGDGYTF,TRUE
donor1,CAFMTNAGGTSYGKLTF,CASSAGAYGYTF,TRUE
donor1,CAGGGSQGNLIF,CASSIRSSYEQYF,TRUE
donor1,CAMSGDGGSQGNLIF,CASSIRAGETQYF,TRUE
donor1,CAFMTNAGGTSYGKLTF,CASSQGAYGYTF,TRUE
donor1,CAVQGSQGNLIF,CASSIRSSYEQYF,TRUE
donor1,CAGAGNTGKLIF,CASSIRSSYEQYF,TRUE
donor1,CAGNYGGSQGNLIF,CASSVRSTGELFF,TRUE
donor1,CAGASGSSNTGKLIF,CQQQRSTGGSNQPQHF,TRUE
donor1,CAFMTNAGGTSYGKLTF,CASSAGAYGYTF,TRUE
donor1,CAYSLSAGGTSYGKLTF,CASSIGVYGYTF,TRUE
donor1,CAVHILTGGGNKLTF,CASSSGSGTEAFF,TRUE
donor1,CAVTDGGSQGNLIF,CASSIRSSYEQYF,TRUE
donor1,CAGAVGSSNTGKLIF,CASSIRSAYEQYF,TRUE
donor1,CAGGGSQGNLIF,CASSIRSSYEQYF,TRUE
donor1,CAGGGSQGNLIF,CASSVRSSYEQYF,TRUE
donor1,CAFMKGAGGTSYGKLTF,CASSWGAYGYTF,TRUE
donor1,CASGGSQGNLIF,CASSKARSLGNRGNEQFF,TRUE
donor1,CAGGGSSNTGKLIF,CASSVRSAYEQYF,TRUE
donor1,CAVTPSNTGKLIF,CASSTRAGGVGQFF,TRUE
donor1,CAFMTNAGGTSYGKLTF,CASSQGAYGYTF,TRUE
donor1,CAVNEGGGSQGNLIF,CASSTRAAYEQYF,TRUE
donor1,CAGGGSQGNLIF,CASSIRSSYEQYF,TRUE
donor1,CAFMTNAGGTSYGKLTF,CASSIGVYGYTF,TRUE
donor1,CAFMKGAGGTSYGKLTF,CASSVRSSMNTEAFF,TRUE
donor1,CAGGGSQGNLIF,CASSVRSSYEQYF,TRUE
donor1,CAGAHGSSNTGKLIF,CASSIRSAYEQYF,TRUE
donor1,CAGPGSQGNLIF,CASSIRSSYEQYF,TRUE
donor1,CAGGGSQGNLIF,CASSVRSSYEQYF,TRUE
donor1,CAGGGSQGNLIF,CASSIRSSYEQYF,TRUE
donor1,CAVSGSQGNLIF,CASSIRSSYEQYF,TRUE
donor1,CAFMINAGGTSYGKLTF,CASSIGSYGYTF,TRUE
donor1,CAGGGEGGSQGNLIF,CASSTRSSYEQYF,TRUE
donor1,CATDGGGGSQGNLIF,CASSPRSTDTQYF,TRUE
donor1,CAGAHGSSNTGKLIF,CASSIRSAYEQYF,TRUE
donor1,CAVTDGGSQGNLIF,CASSIRSSYEQYF,TRUE
donor1,CAVGGGGGSQGNLIF,CASSIRASYEQYF,TRUE
donor1,CAGQVNGGSQGNLIF,CASSTYSIDTQYF,TRUE
donor1,CAFIGNTGKLIF,CASSIFGGSSYNEQFF,TRUE
donor1,CALTGGGSQGNLIF,CASSIRSGDTQYF,TRUE
donor1,CATDGGGGSQGNLIF,CASSPRSTDTQYF,TRUE
donor1,CAVTDGGSQGNLIF,CASSIRSSYEQYF,TRUE
donor1,CAVSGSQGNLIF,CASSIRSSYEQYF,TRUE
donor1,CAVGGGGGSQGNLIF,CASSIRASYEQYF,TRUE
donor1,CAGGGSQGNLIF,CASSIRSSYEQYF,TRUE
donor1,CAGAHGSSNTGKLIF,CASSIRSAYEQYF,TRUE
donor1,CAENIGGGSQGNLIF,CASSIRSGTEAFF,TRUE
donor1,CAGAYGGSQGNLIF,CASSMRSGSEQFF,TRUE
donor1,CAADNYGGSQGNLIF,CASSIYGGAGDGYTF,TRUE
donor1,CAAFYSTLTF,CASSSPWGQGPHEQYF,TRUE
donor1,CAGGGSQGNLIF,CASSIRSSYEQYF,TRUE
donor1,CAVVVGSSNTGKLIF,CASSIRSSYEQYF,TRUE
donor1,CAGGGSQGNLIF,CASSVRSSYEQYF,TRUE
donor1,CAGGGSQGNLIF,CASSIRSAYEQYF,TRUE
donor1,CAFMTNAGGTSYGKLTF,CASSQGAYGYTF,TRUE
donor1,CAEDMGGGSQGNLIF,CASSRDRGRHYNEQFF,TRUE
donor1,CAGGGSQGNLIF,CASSIRSAYEQYF,TRUE
donor1,CAVTDGGSQGNLIF,CASSIRSSYEQYF,TRUE
donor1,CAGGGSQGNLIF,CASSVRSSYEQYF,TRUE
donor1,CALCKGDDKIIF,CASSMRSTGELFF,TRUE
donor1,CAGAQGSSNTGKLIF,CASSIRSAYEQYF,TRUE
donor1,CAGGGSQGNLIF,CASSIRSSYEQYF,TRUE
donor1,CAFMTNAGGTSYGKLTF,CASSIGVYGYTF,TRUE
donor1,CAVTDGGSQGNLIF,CASSIRSSYEQYF,TRUE
donor1,CAFMLDAGGTSYGKLTF,CASSIGYYGYTF,TRUE
donor1,CAARPSF,CASSIRSSYEQYF,TRUE
donor1,CAGGGSQGNLIF,CASSTRSAYEQYF,TRUE
donor1,CAGGGSQGNLIF,CASSIRSSYEQYF,TRUE
donor1,CAGGGSQGNLIF,CASSVRSSYEQYF,TRUE
donor1,CAGASGGGSQGNLIF,CASSIRSGYEQFF,TRUE
donor1,CAVVPGNTGKLIF,CASSIRSGESRAFF,TRUE
donor1,CAGGGSQGNLIF,CASSIRSSYEQYF,TRUE
donor1,CAAGGSQGNLIF,CASSIRSSYEQYF,TRUE
donor1,CAGGGSQGNLIF,CASSIRSSYEQYF,TRUE
donor1,CAGAGSQGNLIF,CASSIRSSYEQYF,TRUE
donor1,CAFMINAGGTSYGKLTF,CASSIGAYGYTF,TRUE
donor1,CAGPGSQGNLIF,CASSIRSSYEQYF,TRUE
donor1,CAVNIGGGSQGNLIF,CASSFRSSYEQYF,TRUE
donor1,CAGGGSQGNLIF,CASSIRSSYEQYF,TRUE
donor1,CAVNIGGGSQGNLIF,CASSFRSSYEQYF,TRUE
donor1,CAGNYGGSQGNLIF,CASSIRSTGELFF,TRUE
donor1,CAGGGSQGNLIF,CASSIRSSYEQYF,TRUE
donor1,CAGGGSQGNLIF,CASSIRSSYEQYF,TRUE
donor1,CAVTDGGSQGNLIF,CASSIRSSYEQYF,TRUE
donor1,CAGEKETSGSRLTF,CASSIRSSYEQYF,TRUE
donor1,CAGGGSQGNLIF,CASSIRSSYEQYF,TRUE
donor1,CALPSGGYQKVTF,CASSFGQGAEKLFF,TRUE
donor1,CAVTDGGSQGNLIF,CASSIRSSYEQYF,TRUE
donor1,CAGGGSQGNLIF,CASSIRSSYEQYF,TRUE
donor1,CANTGSQGNLIF,CASSDRSGTEQYF,TRUE
donor1,CAGGGSQGNLIF,CASSIRSSYEQYF,TRUE
donor1,CAYRTKETSGSRLTF,CASSIGSYGYTF,TRUE
donor1,CAGGGSQGNLIF,CASSIRSAYEQYF,TRUE
donor1,CAMSGDGGSQGNLIF,CASSIRAGETQYF,TRUE
donor1,CAGGGSQGNLIF,CASSTGTLYGYTF,TRUE
donor1,CAVPGGNTGKLIF,CASSIRSSYEQYF,TRUE
donor1,CAGNYGGSQGNLIF,CASSVRSTGELFF,TRUE
donor1,CAFVDGSQGNLIF,CASSIGTDTQYF,TRUE
donor1,CAAGGYSGAGSYQLTF,CASSLVLGQVYEQYF,TRUE
donor1,CAFMVGAGGTSYGKLTF,CASSTGVYGYTF,TRUE
donor1,CAGADGGGSQGNLIF,CASSIRSGYEQYF,TRUE
donor1,CAGGGSQGNLIF,CASSVRSSYEQYF,TRUE
donor1,CALSDNEDSTLTF,CASSPLAVTYNEQFF,TRUE
donor1,CAADNYGGSQGNLIF,CASSIYGGAGDGYTF,TRUE
donor1,CAGGGSQGNLIF,CASSVRSSYEQYF,TRUE
donor1,CAARVRGFGNVLHC,CASSIRSSYEQYF,TRUE
donor1,CALPSGGYQKVTF,CASSFGQGAEKLFF,TRUE
donor1,CAGGGSQGNLIF,CASSIRSSYEQYF,TRUE
donor1,CAADNYGGSQGNLIF,CASSIYGGAGDGYTF,TRUE
donor1,CAPIGGGNKLTF,CASSARSSYEQYF,TRUE
donor1,CAYSLSAGGTSYGKLTF,CASSIGVYGYTF,TRUE
donor1,CAGGGSQGNLIF,CASSTRSAYEQYF,TRUE
donor1,CAFMIGSGGTSYGKLTF,CASSIGAYGYTF,TRUE
donor1,CAGGGSQGNLIF,CASSIRSSYEQYF,TRUE
donor1,CAGGGSQGNLIF,CASSIRSSYEQYF,TRUE
donor1,CAFMLDAGGTSYGKLTF,CASSIGYYGYTF,TRUE
donor1,CAGPGSQGNLIF,CASSIRSSYEQYF,TRUE
donor1,CAVVPGNTGKLIF,CASSIRSGESRAFF,TRUE
donor1,CAGGGSQGNLIF,CASSIRSSYEQYF,TRUE
donor1,CAFMIGSGGTSYGKLTF,CASSIGAYGYTF,TRUE
donor1,CAGAHGSSNTGKLIF,CASSIRSAYEQYF,TRUE
donor1,CAGGGSQGNLIF,CASSIRSSYEQYF,TRUE
donor1,CAGDYGGSQGNLIF,CASSIRSSYEQYF,TRUE
donor1,CAGASGSSNTGKLIF,CASSIRSSYEQYF,TRUE
donor1,CAGGGSQGNLIF,CASSIRSSYEQYF,TRUE
donor1,CAASGGGSQGNLIF,CASSQEAGALGETQYF,TRUE
donor1,CAADNYGGSQGNLIF,CASSIYGGAGDGYTF,TRUE
donor1,CAADNYGGSQGNLIF,CASSIYGGAGDGYTF,TRUE
donor1,CALSDNEDSTLTF,CASRDRQGAKYEQYF,TRUE
donor1,CAAKGTSYDKVIF,CASSIHSNQPQHF,TRUE
donor1,CALMGNAGGTSYGKLTF,CASSQGNYGYTF,TRUE
donor1,CAGGGSQGNLIF,CASSIRSSYEQYF,TRUE
donor1,CAVTDGGSQGNLIF,CASSIRSSYEQYF,TRUE
donor1,CAFMINAGGTSYGKLTF,CASSIGSYGYTF,TRUE
donor1,CAGGGSQGNLIF,CASSVRSSYEQYF,TRUE
donor1,CAADNYGGSQGNLIF,CASSIYGGAGDGYTF,TRUE
donor1,CAVTDGGSQGNLIF,CASSIRSSYEQYF,TRUE
donor1,CAVTDGGSQGNLIF,CASSIRSSYEQYF,TRUE
donor1,CAASGGGSQGNLIF,CASSIRSQETQYF,TRUE
donor1,CAGGGSQGNLIF,CASSIRSSYEQYF,TRUE
donor1,CATDGGGGSQGNLIF,CASSPRSTDTQYF,TRUE
donor1,CAGGGSQGNLIF,CASSIRSSYEQYF,TRUE
donor1,CAGASGSSNTGKLIF,CQQQRSTGGSNQPQHF,TRUE
donor1,CAFMTNAGGTSYGKLTF,CASSIGVYGYTF,TRUE
donor1,CAVRDPHQGTDKLIF,CASSVDGDTSTDTQYF,TRUE
donor1,CAFMTNAGGTSYGKLTF,CASSQGAYGYTF,TRUE
donor1,CASGGSQGNLIF,CASSKARSLGNRGNEQFF,TRUE
donor1,CAERVTGGGNKLTF,CASSQDPGDEQFF,TRUE
donor1,CAFMINAGGTSYGKLTF,CASSIGSYGYTF,TRUE
donor1,CAFMKDAGGTSYGKLTF,CASSIGSYGYTF,TRUE
donor1,CAGGGSQGNLIF,CASSIRSSYEQYF,TRUE
donor1,CAANNQGGKLIF,CASSGRSGETQYF,TRUE
donor1,CAVTDGGSQGNLIF,CASSIRSSYEQYF,TRUE
donor1,CAAGGSQGNLIF,CASSIRSSYEQYF,TRUE
donor1,CAVTDGGSQGNLIF,CASSIRSSYEQYF,TRUE
donor1,CAGAVGSSNTGKLIF,CASSIRSAYEQYF,TRUE
donor1,CAGGGSQGNLIF,CASSIRSSYEQYF,TRUE
donor1,CAVGGGGGSQGNLIF,CASSIRASYEQYF,TRUE
donor1,CAGAIGSSNTGKLIF,CASSIRSSYEQYF,TRUE
donor1,CAVNAGGGSQGNLIF,CASSTRSSYEQYF,TRUE
donor1,CAADNYGGSQGNLIF,CASSIYGGAGDGYTF,TRUE
donor1,CAGSSGGSQGNLIF,CASSPRSTDTQYF,TRUE
donor1,CAVRDENARLMF,CASSQGLAGSEQYF,TRUE
donor1,CAGGGSQGNLIF,CASSIRSAYEQYF,TRUE
donor1,CAVNLGGGSQGNLIF,CASSARSGEPQHF,TRUE
donor1,CAFMKGAGGTSYGKLTF,CASSWGAYGYTF,TRUE
donor1,CAGGGSQGNLIF,CASSVRSSYEQYF,TRUE
donor1,CAGGGSGNTGKLIF,CASSIRSAYEQYF,TRUE
donor1,CGTGLGGGSQGNLIF,CASSIRSSNEQFF,TRUE
donor1,CAFMKGAGGTSYGKLTF,CASSWGAYGYTF,TRUE
donor1,CAGGGSQGNLIF,CASSVRSSYEQYF,TRUE
donor1,CSTGGSQGNLIF,CASSIRSSYEQYF,TRUE
donor1,CAGGGSQGNLIF,CASSIRSSYEQYF,TRUE
donor1,CAFMTNAGGTSYGKLTF,CASSQGAYGYTF,TRUE
donor1,CAVTDGGSQGNLIF,CASSIRSSYEQYF,TRUE
donor1,CAGGGSQGNLIF,CASSIRSSYEQYF,TRUE
donor1,CAGAVGSSNTGKLIF,CASSIRSSYEQYF,TRUE
donor1,CAGGGSQGNLIF,CASSIRSSYEQYF,TRUE
donor1,CAENLGGGSQGNLIF,CASSTRATGELFF,TRUE
donor1,CAVNTNGGSQGNLIF,CASSIRSSYEQYF,TRUE
donor1,CAGGGSQGNLIF,CASSIRSSYEQYF,TRUE
donor1,CAFMKGAGGTSYGKLTF,CASSWGAYGYTF,TRUE
donor1,CAFMTNAGGTSYGKLTF,CASSQGAYGYTF,TRUE
donor1,CAADNYGGSQGNLIF,CASSIYGGAGDGYTF,TRUE
donor1,CAFMKGAGGTSYGKLTF,CASSWGAYGYTF,TRUE
donor1,CAFMTNAGGTSYGKLTF,CASSIGVYGYTF,TRUE
donor1,CAFMKGAGGTSYGKLTF,CASSWGAYGYTF,TRUE
donor1,CAGASGSSNTGKLIF,CASSIRSSYEQYF,TRUE
donor1,CAFMINAGGTSYGKLTF,CASSIGSYGYTF,TRUE
donor1,CAGPGSQGNLIF,CASSIRSSYEQYF,TRUE
donor1,CAENLGGGSQGNLIF,CASSTRATGELFF,TRUE
donor1,CAGGGSQGNLIF,CASSIRSSYEQYF,TRUE
donor1,CAVRDGTGANNLFF,CASNPSSTDTQYF,TRUE
donor1,CAVTDGGSQGNLIF,CASSIRSSYEQYF,TRUE
donor1,CAFMINAGGTSYGKLTF,CASSIGSYGYTF,TRUE
donor1,CAGGGSQGNLIF,CASSIRSSYEQYF,TRUE
donor1,CAGGGSQGNLIF,CASSVRSSYEQYF,TRUE
donor1,CAGGGSQGNLIF,CASSIRSSYEQYF,TRUE
donor1,CAVRDGTGANNLFF,CASNPSSTDTQYF,TRUE
donor1,CATDGGGGSQGNLIF,CATSQRSTDTQYF,TRUE
donor1,CAAALYNNAGNMLTF,CASSIYSNQPQHF,TRUE
donor1,CAVAVGVSGGGADGLTF,CASSQGAYGYTF,TRUE
donor1,CAFMKLRTGNQFYF,CASSYGGAGNTIYF,TRUE
donor1,CAREHMDSNYQLIW,CASSQLGRGDNEQFF,TRUE
donor1,CAASGGGSQGNLIF,CASSIRSQETQYF,TRUE
donor1,CAGGGSQGNLIF,CASSIRSSYEQYF,TRUE
donor1,CAVTDGGSQGNLIF,CASSIRSSYEQYF,TRUE
donor1,CAASGGGSQGNLIF,CASSIRSQETQYF,TRUE
donor1,CAVQGSQGNLIF,CASSSRSSYEQYF,TRUE
donor1,CAENLGGGSQGNLIF,CASSTRATGELFF,TRUE
donor1,CAVNIGGGSQGNLIF,CASSFRSSYEQYF,TRUE
donor1,CAGGGSQGNLIF,CASSWGGGSHYGYTF,TRUE
donor1,CAGGGSQGNLIF,CASSIRSSYEQYF,TRUE
donor1,CAVRDGTGANNLFF,CASAGTGVEKLFF,TRUE
donor1,CAGGGSQGNLIF,CASSIRSSYEQYF,TRUE
donor1,CAFMLDAGGTSYGKLTF,CASSIGYYGYTF,TRUE
donor1,CAVVPGNTGKLIF,CASSIRSGESRAFF,TRUE
donor1,CAGGGSQGNLIF,CASSVRSSYEQYF,TRUE
donor1,CAGGGSQGNLIF,CASSIRSSYEQYF,TRUE
donor1,CAAGGSQGNLIF,CASSIRSSYEQFF,TRUE
donor1,CAASIGQAGTALIF,CASSVVGAGGYNEQFF,TRUE
donor1,CAFMKGAGGTSYGKLTF,CASSWGAYGYTF,TRUE
donor1,CAVTPSNTGKLIF,CASSTRAGGVGQFF,TRUE
donor1,CAFMKGAGGTSYGKLTF,CASSWGAYGYTF,TRUE
donor1,CAFMKDAGGTSYGKLTF,CASSIGSYGYTF,TRUE
donor1,CAGAVGSSNTGKLIF,CASSIRSAYEQYF,TRUE
donor1,CAGGGSQGNLIF,CASSIRSSYEQYF,TRUE
donor1,CAASGGGSQGNLIF,CASSIRSQETQYF,TRUE
donor1,CALPSGGYQKVTF,CASSFGQGAEKLFF,TRUE
donor1,CAGGGSQGNLIF,CASSIRSAYEQYF,TRUE
donor1,CAGGGSQGNLIF,CASSVRSSYEQYF,TRUE
donor1,CATDGSSGGSNYKLTF,CASSTSNEQPQHF,TRUE